times,counts
0.5,82.0
0.5,0.0
0.5,0.0
0.5,110.0
0.5,50.0
0.5,104.0
0.5,21.0
0.5,0.0
0.5,0.0
0.5,70.0
0.5,129.0
0.5,84.0
0.5,41.0
0.5,141.0
0.5,78.0
0.5,60.0
0.5,121.0
0.5,0.0
0.5,0.0
0.5,121.0
0.5,0.0
0.5,30.0
0.5,0.0
0.5,17.0
0.5,83.0
0.5,112.0
0.5,0.0
0.5,50.0
0.5,0.0
0.5,125.0
0.5,119.0
0.5,0.0
0.5,68.0
0.5,80.0
0.5,21.0
0.5,147.0
0.5,98.0
0.5,7.0
0.5,63.0
0.5,15.0
0.5,134.0
0.5,0.0
0.5,0.0
0.5,160.0
0.5,56.0
0.5,0.0
0.5,0.0
0.5,0.0
0.5,135.0
0.5,0.0
0.5,165.0
0.5,35.0
0.5,156.0
0.5,111.0
0.5,0.0
0.5,36.0
0.5,0.0
0.5,26.0
0.5,56.0
0.5,0.0
0.5,0.0
0.5,113.0
0.5,144.0
0.5,57.0
0.5,10.0
0.5,55.0
0.5,4.0
0.5,135.0
0.5,24.0
0.5,73.0
0.5,143.0
0.5,78.0
0.5,0.0
0.5,153.0
0.5,83.0
0.5,56.0
0.5,102.0
0.5,165.0
0.5,0.0
0.5,77.0
0.5,134.0
0.5,0.0
0.5,132.0
0.5,113.0
0.5,21.0
0.5,0.0
0.5,175.0
0.5,0.0
0.5,135.0
0.5,134.0
0.5,94.0
0.5,108.0
0.5,0.0
0.5,166.0
0.5,23.0
0.5,0.0
0.5,25.0
0.5,15.0
0.5,135.0
0.5,0.0
0.5,0.0
0.5,53.0
0.5,92.0
0.5,0.0
0.5,65.0
0.5,117.0
0.5,0.0
0.5,130.0
0.5,24.0
0.5,0.0
0.5,117.0
0.5,49.0
0.5,96.0
0.5,0.0
0.5,0.0
0.5,0.0
0.5,137.0
0.5,22.0
0.5,121.0
0.5,73.0
0.5,74.0
0.5,0.0
0.5,11.0
0.5,0.0
0.5,0.0
0.5,57.0
0.5,164.0
0.5,131.0
0.5,96.0
0.5,0.0
0.5,130.0
0.5,146.0
0.5,0.0
0.5,107.0
0.5,75.0
0.5,24.0
0.5,18.0
0.5,0.0
0.5,0.0
0.5,56.0
0.5,109.0
0.5,7.0
0.5,0.0
0.5,48.0
0.5,60.0
0.5,0.0
0.5,0.0
0.5,135.0
0.5,36.0
0.5,30.0
0.5,93.0
0.5,0.0
0.5,0.0
0.5,48.0
0.5,98.0
0.5,114.0
0.5,0.0
0.5,96.0
0.5,153.0
0.5,0.0
0.5,74.0
0.5,0.0
0.5,0.0
0.5,11.0
0.5,0.0
0.5,111.0
0.5,14.0
0.5,21.0
0.5,127.0
0.5,0.0
0.5,144.0
0.5,0.0
0.5,0.0
0.5,0.0
0.5,91.0
0.5,0.0
0.5,0.0
0.5,108.0
0.5,0.0
0.5,154.0
0.5,84.0
0.5,0.0
0.5,99.0
0.5,31.0
0.5,0.0
0.5,78.0
0.5,126.0
0.5,0.0
0.5,0.0
0.5,99.0
0.5,0.0
0.5,80.0
0.5,0.0
0.5,0.0
0.5,0.0
0.5,0.0
0.5,46.0
0.5,36.0
0.5,88.0
0.5,152.0
0.5,113.0
0.5,104.0
0.5,0.0
0.5,0.0
0.5,101.0
0.5,53.0
0.5,123.0
0.5,0.0
0.5,16.0
0.5,0.0
0.5,103.0
0.5,19.0
0.5,0.0
0.5,17.0
0.5,143.0
0.5,27.0
0.5,0.0
0.5,115.0
0.5,0.0
0.5,0.0
0.5,0.0
0.5,0.0
0.5,130.0
0.5,51.0
0.5,124.0
0.5,32.0
0.5,85.0
0.5,0.0
0.5,111.0
0.5,0.0
0.5,104.0
0.5,152.0
0.5,32.0
0.5,0.0
0.5,34.0
0.5,0.0
0.5,110.0
0.5,0.0
0.5,41.0
0.5,0.0
0.5,71.0
0.5,0.0
0.5,76.0
0.5,3.0
0.5,0.0
0.5,0.0
0.5,145.0
0.5,52.0
0.5,0.0
0.5,0.0
0.5,36.0
0.5,80.0
0.5,99.0
0.5,0.0
0.5,79.0
0.5,41.0
0.5,50.0
0.5,0.0
0.5,0.0
0.5,127.0
0.5,65.0
0.5,0.0
0.5,0.0
0.5,0.0
0.5,88.0
0.5,0.0
0.5,0.0
0.5,103.0
0.5,43.0
0.5,0.0
0.5,17.0
0.5,102.0
0.5,70.0
0.5,0.0
0.5,134.0
0.5,129.0
0.5,18.0
0.5,0.0
0.5,29.0
0.5,0.0
0.5,147.0
0.5,110.0
0.5,152.0
0.5,0.0
0.5,0.0
0.5,46.0
0.5,0.0
0.5,0.0
0.5,140.0
0.5,4.0
0.5,85.0
0.5,0.0
0.5,105.0
0.5,21.0
0.5,0.0
0.5,158.0
0.5,0.0
0.5,44.0
0.5,95.0
0.5,0.0
1.0,260.0
1.0,146.0
1.0,0.0
1.0,159.0
1.0,0.0
1.0,159.0
1.0,147.0
1.0,88.0
1.0,103.0
1.0,119.0
1.0,227.0
1.0,218.0
1.0,0.0
1.0,206.0
1.0,70.0
1.0,214.0
1.0,141.0
1.0,26.0
1.0,201.0
1.0,0.0
1.0,108.0
1.0,70.0
1.0,25.0
1.0,0.0
1.0,191.0
1.0,0.0
1.0,185.0
1.0,0.0
1.0,145.0
1.0,113.0
1.0,56.0
1.0,171.0
1.0,233.0
1.0,112.0
1.0,52.0
1.0,202.0
1.0,115.0
1.0,241.0
1.0,201.0
1.0,190.0
1.0,205.0
1.0,255.0
1.0,159.0
1.0,142.0
1.0,202.0
1.0,154.0
1.0,218.0
1.0,75.0
1.0,69.0
1.0,209.0
1.0,256.0
1.0,117.0
1.0,200.0
1.0,176.0
1.0,168.0
1.0,128.0
1.0,92.0
1.0,193.0
1.0,245.0
1.0,134.0
1.0,48.0
1.0,51.0
1.0,116.0
1.0,0.0
1.0,146.0
1.0,205.0
1.0,194.0
1.0,0.0
1.0,10.0
1.0,241.0
1.0,178.0
1.0,93.0
1.0,126.0
1.0,269.0
1.0,0.0
1.0,55.0
1.0,173.0
1.0,161.0
1.0,162.0
1.0,226.0
1.0,100.0
1.0,225.0
1.0,129.0
1.0,107.0
1.0,166.0
1.0,174.0
1.0,133.0
1.0,68.0
1.0,143.0
1.0,181.0
1.0,169.0
1.0,169.0
1.0,182.0
1.0,85.0
1.0,66.0
1.0,188.0
1.0,302.0
1.0,216.0
1.0,204.0
1.0,0.0
1.0,268.0
1.0,0.0
1.0,130.0
1.0,107.0
1.0,172.0
1.0,256.0
1.0,0.0
1.0,140.0
1.0,191.0
1.0,203.0
1.0,217.0
1.0,253.0
1.0,166.0
1.0,227.0
1.0,168.0
1.0,0.0
1.0,130.0
1.0,13.0
1.0,149.0
1.0,189.0
1.0,247.0
1.0,5.0
1.0,0.0
1.0,0.0
1.0,53.0
1.0,195.0
1.0,161.0
1.0,64.0
1.0,222.0
1.0,10.0
1.0,0.0
1.0,119.0
1.0,101.0
1.0,132.0
1.0,190.0
1.0,120.0
1.0,226.0
1.0,257.0
1.0,103.0
1.0,129.0
1.0,182.0
1.0,191.0
1.0,191.0
1.0,139.0
1.0,219.0
1.0,192.0
1.0,134.0
1.0,0.0
1.0,0.0
1.0,270.0
1.0,13.0
1.0,159.0
1.0,33.0
1.0,0.0
1.0,0.0
1.0,0.0
1.0,67.0
1.0,239.0
1.0,55.0
1.0,104.0
1.0,195.0
1.0,124.0
1.0,106.0
1.0,169.0
1.0,0.0
1.0,10.0
1.0,39.0
1.0,166.0
1.0,57.0
1.0,232.0
1.0,240.0
1.0,0.0
1.0,162.0
1.0,137.0
1.0,140.0
1.0,185.0
1.0,29.0
1.0,146.0
1.0,0.0
1.0,244.0
1.0,16.0
1.0,0.0
1.0,157.0
1.0,197.0
1.0,254.0
1.0,131.0
1.0,117.0
1.0,0.0
1.0,24.0
1.0,146.0
1.0,108.0
1.0,159.0
1.0,138.0
1.0,55.0
1.0,183.0
1.0,206.0
1.0,0.0
1.0,52.0
1.0,0.0
1.0,112.0
1.0,178.0
1.0,31.0
1.0,249.0
1.0,166.0
1.0,197.0
1.0,118.0
1.0,132.0
1.0,192.0
1.0,196.0
1.0,231.0
1.0,141.0
1.0,223.0
1.0,19.0
1.0,95.0
1.0,189.0
1.0,24.0
1.0,159.0
1.0,24.0
1.0,240.0
1.0,195.0
1.0,41.0
1.0,98.0
1.0,104.0
1.0,0.0
1.0,91.0
1.0,133.0
1.0,256.0
1.0,75.0
1.0,0.0
1.0,244.0
1.0,205.0
1.0,216.0
1.0,221.0
1.0,0.0
1.0,31.0
1.0,238.0
1.0,184.0
1.0,118.0
1.0,257.0
1.0,195.0
1.0,195.0
1.0,172.0
1.0,9.0
1.0,15.0
1.0,0.0
1.0,8.0
1.0,250.0
1.0,183.0
1.0,92.0
1.0,183.0
1.0,112.0
1.0,147.0
1.0,77.0
1.0,30.0
1.0,238.0
1.0,151.0
1.0,0.0
1.0,106.0
1.0,150.0
1.0,229.0
1.0,0.0
1.0,46.0
1.0,0.0
1.0,0.0
1.0,159.0
1.0,83.0
1.0,51.0
1.0,16.0
1.0,206.0
1.0,239.0
1.0,233.0
1.0,137.0
1.0,52.0
1.0,1.0
1.0,65.0
1.0,77.0
1.0,85.0
1.0,160.0
1.0,200.0
1.0,38.0
1.0,215.0
1.0,213.0
1.0,127.0
1.0,270.0
1.0,0.0
1.0,42.0
1.0,0.0
1.0,90.0
1.0,149.0
1.0,68.0
1.0,115.0
1.0,85.0
1.0,192.0
1.0,191.0
1.0,89.0
1.0,0.0
1.0,65.0
1.0,195.0
1.0,138.0
1.0,232.0
1.5,310.0
1.5,273.0
1.5,74.0
1.5,43.0
1.5,304.0
1.5,108.0
1.5,141.0
1.5,322.0
1.5,0.0
1.5,195.0
1.5,0.0
1.5,14.0
1.5,78.0
1.5,47.0
1.5,34.0
1.5,174.0
1.5,142.0
1.5,28.0
1.5,287.0
1.5,206.0
1.5,197.0
1.5,172.0
1.5,246.0
1.5,279.0
1.5,28.0
1.5,164.0
1.5,180.0
1.5,320.0
1.5,272.0
1.5,298.0
1.5,122.0
1.5,83.0
1.5,262.0
1.5,261.0
1.5,0.0
1.5,52.0
1.5,186.0
1.5,48.0
1.5,212.0
1.5,310.0
1.5,255.0
1.5,209.0
1.5,0.0
1.5,121.0
1.5,0.0
1.5,255.0
1.5,200.0
1.5,295.0
1.5,57.0
1.5,132.0
1.5,238.0
1.5,280.0
1.5,250.0
1.5,187.0
1.5,142.0
1.5,146.0
1.5,47.0
1.5,313.0
1.5,61.0
1.5,223.0
1.5,279.0
1.5,62.0
1.5,96.0
1.5,302.0
1.5,0.0
1.5,102.0
1.5,300.0
1.5,19.0
1.5,270.0
1.5,215.0
1.5,254.0
1.5,149.0
1.5,59.0
1.5,11.0
1.5,296.0
1.5,322.0
1.5,0.0
1.5,284.0
1.5,229.0
1.5,49.0
1.5,187.0
1.5,107.0
1.5,9.0
1.5,245.0
1.5,173.0
1.5,213.0
1.5,211.0
1.5,288.0
1.5,184.0
1.5,308.0
1.5,57.0
1.5,85.0
1.5,258.0
1.5,0.0
1.5,250.0
1.5,260.0
1.5,26.0
1.5,228.0
1.5,321.0
1.5,124.0
1.5,23.0
1.5,163.0
1.5,267.0
1.5,271.0
1.5,237.0
1.5,262.0
1.5,280.0
1.5,285.0
1.5,147.0
1.5,35.0
1.5,206.0
1.5,170.0
1.5,198.0
1.5,94.0
1.5,207.0
1.5,287.0
1.5,304.0
1.5,237.0
1.5,195.0
1.5,251.0
1.5,250.0
1.5,259.0
1.5,60.0
1.5,243.0
1.5,0.0
1.5,283.0
1.5,97.0
1.5,306.0
1.5,191.0
1.5,185.0
1.5,260.0
1.5,254.0
1.5,235.0
1.5,61.0
1.5,275.0
1.5,302.0
1.5,287.0
1.5,43.0
1.5,241.0
1.5,305.0
1.5,129.0
1.5,118.0
1.5,88.0
1.5,203.0
1.5,325.0
1.5,243.0
1.5,308.0
1.5,148.0
1.5,157.0
1.5,95.0
1.5,121.0
1.5,85.0
1.5,14.0
1.5,67.0
1.5,234.0
1.5,307.0
1.5,171.0
1.5,272.0
1.5,155.0
1.5,217.0
1.5,239.0
1.5,165.0
1.5,259.0
1.5,246.0
1.5,308.0
1.5,242.0
1.5,262.0
1.5,155.0
1.5,239.0
1.5,103.0
1.5,226.0
1.5,158.0
1.5,55.0
1.5,246.0
1.5,228.0
1.5,213.0
1.5,181.0
1.5,0.0
1.5,50.0
1.5,191.0
1.5,0.0
1.5,150.0
1.5,203.0
1.5,19.0
1.5,282.0
1.5,48.0
1.5,195.0
1.5,208.0
1.5,245.0
1.5,179.0
1.5,171.0
1.5,256.0
1.5,164.0
1.5,101.0
1.5,167.0
1.5,325.0
1.5,227.0
1.5,40.0
1.5,228.0
1.5,318.0
1.5,193.0
1.5,288.0
1.5,313.0
1.5,243.0
1.5,218.0
1.5,266.0
1.5,28.0
1.5,198.0
1.5,272.0
1.5,142.0
1.5,198.0
1.5,271.0
1.5,300.0
1.5,282.0
1.5,59.0
1.5,315.0
1.5,204.0
1.5,235.0
1.5,224.0
1.5,256.0
1.5,284.0
1.5,18.0
1.5,240.0
1.5,88.0
1.5,292.0
1.5,81.0
1.5,132.0
1.5,256.0
1.5,87.0
1.5,207.0
1.5,97.0
1.5,320.0
1.5,44.0
1.5,114.0
1.5,5.0
1.5,291.0
1.5,192.0
1.5,214.0
1.5,70.0
1.5,250.0
1.5,85.0
1.5,208.0
1.5,287.0
1.5,163.0
1.5,0.0
1.5,82.0
1.5,165.0
1.5,238.0
1.5,295.0
1.5,252.0
1.5,0.0
1.5,197.0
1.5,168.0
1.5,104.0
1.5,296.0
1.5,0.0
1.5,327.0
1.5,0.0
1.5,227.0
1.5,269.0
1.5,251.0
1.5,0.0
1.5,180.0
1.5,312.0
1.5,263.0
1.5,233.0
1.5,119.0
1.5,227.0
1.5,0.0
1.5,204.0
1.5,116.0
1.5,97.0
1.5,210.0
1.5,190.0
1.5,205.0
1.5,265.0
1.5,6.0
1.5,166.0
1.5,288.0
1.5,264.0
1.5,140.0
1.5,284.0
1.5,180.0
1.5,214.0
1.5,110.0
1.5,290.0
1.5,176.0
1.5,126.0
1.5,104.0
1.5,274.0
1.5,239.0
1.5,297.0
1.5,253.0
1.5,227.0
1.5,300.0
1.5,300.0
1.5,259.0
1.5,44.0
1.5,130.0
1.5,190.0
2.0,353.0
2.0,43.0
2.0,309.0
2.0,160.0
2.0,150.0
2.0,352.0
2.0,100.0
2.0,216.0
2.0,100.0
2.0,61.0
2.0,236.0
2.0,112.0
2.0,5.0
2.0,261.0
2.0,41.0
2.0,117.0
2.0,57.0
2.0,264.0
2.0,303.0
2.0,217.0
2.0,154.0
2.0,224.0
2.0,334.0
2.0,290.0
2.0,128.0
2.0,85.0
2.0,182.0
2.0,92.0
2.0,253.0
2.0,351.0
2.0,121.0
2.0,84.0
2.0,53.0
2.0,289.0
2.0,305.0
2.0,309.0
2.0,112.0
2.0,86.0
2.0,355.0
2.0,348.0
2.0,288.0
2.0,191.0
2.0,165.0
2.0,186.0
2.0,104.0
2.0,321.0
2.0,257.0
2.0,177.0
2.0,138.0
2.0,144.0
2.0,210.0
2.0,303.0
2.0,290.0
2.0,77.0
2.0,281.0
2.0,153.0
2.0,88.0
2.0,188.0
2.0,231.0
2.0,336.0
2.0,190.0
2.0,74.0
2.0,305.0
2.0,170.0
2.0,214.0
2.0,257.0
2.0,337.0
2.0,301.0
2.0,310.0
2.0,66.0
2.0,223.0
2.0,175.0
2.0,233.0
2.0,342.0
2.0,335.0
2.0,104.0
2.0,178.0
2.0,239.0
2.0,209.0
2.0,215.0
2.0,151.0
2.0,160.0
2.0,326.0
2.0,230.0
2.0,335.0
2.0,219.0
2.0,198.0
2.0,131.0
2.0,223.0
2.0,199.0
2.0,256.0
2.0,215.0
2.0,319.0
2.0,185.0
2.0,220.0
2.0,134.0
2.0,342.0
2.0,172.0
2.0,282.0
2.0,287.0
2.0,216.0
2.0,62.0
2.0,49.0
2.0,171.0
2.0,64.0
2.0,325.0
2.0,101.0
2.0,253.0
2.0,303.0
2.0,205.0
2.0,209.0
2.0,321.0
2.0,161.0
2.0,221.0
2.0,214.0
2.0,102.0
2.0,282.0
2.0,85.0
2.0,0.0
2.0,213.0
2.0,309.0
2.0,343.0
2.0,328.0
2.0,276.0
2.0,244.0
2.0,315.0
2.0,325.0
2.0,173.0
2.0,186.0
2.0,315.0
2.0,134.0
2.0,49.0
2.0,148.0
2.0,215.0
2.0,3.0
2.0,201.0
2.0,116.0
2.0,109.0
2.0,317.0
2.0,236.0
2.0,298.0
2.0,242.0
2.0,122.0
2.0,260.0
2.0,249.0
2.0,177.0
2.0,223.0
2.0,296.0
2.0,175.0
2.0,220.0
2.0,213.0
2.0,296.0
2.0,218.0
2.0,17.0
2.0,234.0
2.0,164.0
2.0,234.0
2.0,265.0
2.0,124.0
2.0,72.0
2.0,217.0
2.0,336.0
2.0,105.0
2.0,297.0
2.0,153.0
2.0,325.0
2.0,211.0
2.0,308.0
2.0,281.0
2.0,161.0
2.0,146.0
2.0,146.0
2.0,143.0
2.0,234.0
2.0,230.0
2.0,349.0
2.0,326.0
2.0,303.0
2.0,156.0
2.0,330.0
2.0,292.0
2.0,163.0
2.0,152.0
2.0,0.0
2.0,351.0
2.0,180.0
2.0,155.0
2.0,292.0
2.0,306.0
2.0,187.0
2.0,197.0
2.0,271.0
2.0,73.0
2.0,316.0
2.0,68.0
2.0,194.0
2.0,250.0
2.0,231.0
2.0,347.0
2.0,272.0
2.0,283.0
2.0,249.0
2.0,330.0
2.0,271.0
2.0,172.0
2.0,250.0
2.0,142.0
2.0,143.0
2.0,297.0
2.0,85.0
2.0,326.0
2.0,278.0
2.0,290.0
2.0,261.0
2.0,260.0
2.0,226.0
2.0,328.0
2.0,286.0
2.0,333.0
2.0,303.0
2.0,330.0
2.0,91.0
2.0,217.0
2.0,257.0
2.0,258.0
2.0,263.0
2.0,51.0
2.0,231.0
2.0,172.0
2.0,327.0
2.0,285.0
2.0,285.0
2.0,182.0
2.0,289.0
2.0,93.0
2.0,18.0
2.0,195.0
2.0,367.0
2.0,29.0
2.0,115.0
2.0,231.0
2.0,301.0
2.0,267.0
2.0,132.0
2.0,215.0
2.0,225.0
2.0,43.0
2.0,310.0
2.0,208.0
2.0,167.0
2.0,293.0
2.0,23.0
2.0,261.0
2.0,135.0
2.0,312.0
2.0,240.0
2.0,261.0
2.0,267.0
2.0,264.0
2.0,284.0
2.0,279.0
2.0,261.0
2.0,264.0
2.0,352.0
2.0,334.0
2.0,123.0
2.0,100.0
2.0,301.0
2.0,197.0
2.0,347.0
2.0,353.0
2.0,0.0
2.0,347.0
2.0,258.0
2.0,282.0
2.0,318.0
2.0,2.0
2.0,205.0
2.0,304.0
2.0,258.0
2.0,315.0
2.0,109.0
2.0,278.0
2.0,310.0
2.0,175.0
2.0,16.0
2.0,205.0
2.0,314.0
2.0,221.0
2.0,309.0
2.0,109.0
2.0,272.0
2.0,275.0
2.0,292.0
2.0,125.0
2.0,24.0
2.0,402.0
2.0,337.0
2.0,301.0
2.0,251.0
2.5,219.0
2.5,289.0
2.5,66.0
2.5,234.0
2.5,88.0
2.5,274.0
2.5,182.0
2.5,368.0
2.5,168.0
2.5,103.0
2.5,341.0
2.5,349.0
2.5,109.0
2.5,275.0
2.5,269.0
2.5,326.0
2.5,239.0
2.5,274.0
2.5,233.0
2.5,143.0
2.5,337.0
2.5,327.0
2.5,82.0
2.5,183.0
2.5,209.0
2.5,0.0
2.5,52.0
2.5,176.0
2.5,181.0
2.5,257.0
2.5,174.0
2.5,17.0
2.5,327.0
2.5,264.0
2.5,318.0
2.5,282.0
2.5,292.0
2.5,117.0
2.5,224.0
2.5,143.0
2.5,60.0
2.5,339.0
2.5,248.0
2.5,338.0
2.5,329.0
2.5,292.0
2.5,317.0
2.5,263.0
2.5,353.0
2.5,125.0
2.5,272.0
2.5,217.0
2.5,315.0
2.5,201.0
2.5,284.0
2.5,119.0
2.5,305.0
2.5,291.0
2.5,402.0
2.5,267.0
2.5,353.0
2.5,310.0
2.5,101.0
2.5,280.0
2.5,340.0
2.5,313.0
2.5,355.0
2.5,377.0
2.5,222.0
2.5,150.0
2.5,304.0
2.5,273.0
2.5,350.0
2.5,350.0
2.5,100.0
2.5,230.0
2.5,262.0
2.5,224.0
2.5,287.0
2.5,281.0
2.5,71.0
2.5,307.0
2.5,135.0
2.5,397.0
2.5,225.0
2.5,177.0
2.5,332.0
2.5,305.0
2.5,185.0
2.5,349.0
2.5,101.0
2.5,303.0
2.5,251.0
2.5,209.0
2.5,281.0
2.5,299.0
2.5,270.0
2.5,273.0
2.5,274.0
2.5,267.0
2.5,331.0
2.5,297.0
2.5,381.0
2.5,205.0
2.5,84.0
2.5,221.0
2.5,230.0
2.5,140.0
2.5,278.0
2.5,250.0
2.5,141.0
2.5,170.0
2.5,165.0
2.5,353.0
2.5,230.0
2.5,44.0
2.5,377.0
2.5,239.0
2.5,294.0
2.5,213.0
2.5,303.0
2.5,127.0
2.5,18.0
2.5,333.0
2.5,98.0
2.5,85.0
2.5,363.0
2.5,108.0
2.5,5.0
2.5,125.0
2.5,186.0
2.5,166.0
2.5,314.0
2.5,99.0
2.5,143.0
2.5,359.0
2.5,285.0
2.5,288.0
2.5,28.0
2.5,333.0
2.5,216.0
2.5,333.0
2.5,133.0
2.5,306.0
2.5,306.0
2.5,186.0
2.5,242.0
2.5,343.0
2.5,352.0
2.5,92.0
2.5,347.0
2.5,199.0
2.5,374.0
2.5,57.0
2.5,182.0
2.5,226.0
2.5,365.0
2.5,272.0
2.5,143.0
2.5,269.0
2.5,328.0
2.5,214.0
2.5,332.0
2.5,295.0
2.5,123.0
2.5,202.0
2.5,183.0
2.5,307.0
2.5,303.0
2.5,267.0
2.5,250.0
2.5,284.0
2.5,378.0
2.5,385.0
2.5,233.0
2.5,320.0
2.5,344.0
2.5,238.0
2.5,256.0
2.5,161.0
2.5,337.0
2.5,227.0
2.5,315.0
2.5,361.0
2.5,4.0
2.5,265.0
2.5,209.0
2.5,197.0
2.5,104.0
2.5,0.0
2.5,174.0
2.5,260.0
2.5,263.0
2.5,383.0
2.5,227.0
2.5,324.0
2.5,270.0
2.5,107.0
2.5,81.0
2.5,337.0
2.5,303.0
2.5,39.0
2.5,370.0
2.5,318.0
2.5,43.0
2.5,298.0
2.5,215.0
2.5,88.0
2.5,182.0
2.5,291.0
2.5,369.0
2.5,77.0
2.5,281.0
2.5,258.0
2.5,287.0
2.5,276.0
2.5,369.0
2.5,238.0
2.5,164.0
2.5,312.0
2.5,149.0
2.5,339.0
2.5,91.0
2.5,207.0
2.5,347.0
2.5,248.0
2.5,239.0
2.5,299.0
2.5,183.0
2.5,120.0
2.5,60.0
2.5,204.0
2.5,345.0
2.5,348.0
2.5,243.0
2.5,208.0
2.5,81.0
2.5,354.0
2.5,327.0
2.5,269.0
2.5,34.0
2.5,107.0
2.5,293.0
2.5,243.0
2.5,345.0
2.5,166.0
2.5,367.0
2.5,348.0
2.5,287.0
2.5,290.0
2.5,120.0
2.5,141.0
2.5,311.0
2.5,295.0
2.5,46.0
2.5,101.0
2.5,220.0
2.5,204.0
2.5,146.0
2.5,357.0
2.5,221.0
2.5,369.0
2.5,374.0
2.5,155.0
2.5,191.0
2.5,182.0
2.5,261.0
2.5,273.0
2.5,237.0
2.5,320.0
2.5,317.0
2.5,379.0
2.5,342.0
2.5,88.0
2.5,182.0
2.5,220.0
2.5,345.0
2.5,55.0
2.5,66.0
2.5,318.0
2.5,286.0
2.5,326.0
2.5,163.0
2.5,350.0
2.5,201.0
2.5,58.0
2.5,105.0
2.5,297.0
2.5,208.0
2.5,176.0
2.5,255.0
2.5,117.0
2.5,102.0
2.5,138.0
2.5,162.0
2.5,114.0
2.5,325.0
2.5,373.0
2.5,343.0
2.5,186.0
3.0,173.0
3.0,189.0
3.0,328.0
3.0,289.0
3.0,381.0
3.0,176.0
3.0,227.0
3.0,356.0
3.0,275.0
3.0,237.0
3.0,262.0
3.0,246.0
3.0,59.0
3.0,119.0
3.0,281.0
3.0,267.0
3.0,361.0
3.0,267.0
3.0,402.0
3.0,221.0
3.0,392.0
3.0,341.0
3.0,362.0
3.0,138.0
3.0,47.0
3.0,151.0
3.0,345.0
3.0,335.0
3.0,349.0
3.0,266.0
3.0,144.0
3.0,161.0
3.0,234.0
3.0,134.0
3.0,354.0
3.0,326.0
3.0,203.0
3.0,177.0
3.0,338.0
3.0,328.0
3.0,253.0
3.0,142.0
3.0,377.0
3.0,174.0
3.0,220.0
3.0,399.0
3.0,293.0
3.0,239.0
3.0,221.0
3.0,271.0
3.0,386.0
3.0,89.0
3.0,58.0
3.0,383.0
3.0,312.0
3.0,279.0
3.0,251.0
3.0,227.0
3.0,293.0
3.0,220.0
3.0,55.0
3.0,216.0
3.0,232.0
3.0,91.0
3.0,284.0
3.0,338.0
3.0,251.0
3.0,314.0
3.0,244.0
3.0,38.0
3.0,407.0
3.0,122.0
3.0,384.0
3.0,331.0
3.0,288.0
3.0,201.0
3.0,240.0
3.0,366.0
3.0,66.0
3.0,340.0
3.0,168.0
3.0,93.0
3.0,309.0
3.0,152.0
3.0,192.0
3.0,85.0
3.0,108.0
3.0,80.0
3.0,231.0
3.0,163.0
3.0,330.0
3.0,230.0
3.0,392.0
3.0,154.0
3.0,251.0
3.0,216.0
3.0,105.0
3.0,316.0
3.0,100.0
3.0,420.0
3.0,133.0
3.0,80.0
3.0,210.0
3.0,155.0
3.0,147.0
3.0,350.0
3.0,303.0
3.0,184.0
3.0,358.0
3.0,374.0
3.0,114.0
3.0,207.0
3.0,53.0
3.0,40.0
3.0,172.0
3.0,103.0
3.0,373.0
3.0,291.0
3.0,358.0
3.0,384.0
3.0,273.0
3.0,293.0
3.0,366.0
3.0,160.0
3.0,87.0
3.0,376.0
3.0,212.0
3.0,376.0
3.0,265.0
3.0,251.0
3.0,105.0
3.0,327.0
3.0,248.0
3.0,108.0
3.0,188.0
3.0,363.0
3.0,300.0
3.0,0.0
3.0,346.0
3.0,120.0
3.0,48.0
3.0,244.0
3.0,228.0
3.0,90.0
3.0,331.0
3.0,270.0
3.0,271.0
3.0,352.0
3.0,326.0
3.0,272.0
3.0,263.0
3.0,190.0
3.0,215.0
3.0,338.0
3.0,383.0
3.0,203.0
3.0,328.0
3.0,122.0
3.0,262.0
3.0,327.0
3.0,312.0
3.0,15.0
3.0,199.0
3.0,387.0
3.0,319.0
3.0,207.0
3.0,228.0
3.0,390.0
3.0,75.0
3.0,218.0
3.0,290.0
3.0,297.0
3.0,269.0
3.0,51.0
3.0,218.0
3.0,293.0
3.0,202.0
3.0,134.0
3.0,26.0
3.0,380.0
3.0,224.0
3.0,205.0
3.0,211.0
3.0,276.0
3.0,161.0
3.0,125.0
3.0,405.0
3.0,187.0
3.0,376.0
3.0,72.0
3.0,201.0
3.0,240.0
3.0,104.0
3.0,366.0
3.0,287.0
3.0,273.0
3.0,347.0
3.0,250.0
3.0,242.0
3.0,310.0
3.0,248.0
3.0,382.0
3.0,73.0
3.0,213.0
3.0,193.0
3.0,289.0
3.0,94.0
3.0,207.0
3.0,200.0
3.0,313.0
3.0,172.0
3.0,166.0
3.0,172.0
3.0,237.0
3.0,83.0
3.0,200.0
3.0,334.0
3.0,370.0
3.0,201.0
3.0,325.0
3.0,313.0
3.0,354.0
3.0,45.0
3.0,136.0
3.0,300.0
3.0,224.0
3.0,232.0
3.0,259.0
3.0,309.0
3.0,393.0
3.0,194.0
3.0,65.0
3.0,12.0
3.0,197.0
3.0,262.0
3.0,289.0
3.0,180.0
3.0,340.0
3.0,352.0
3.0,328.0
3.0,200.0
3.0,346.0
3.0,385.0
3.0,248.0
3.0,226.0
3.0,195.0
3.0,316.0
3.0,166.0
3.0,212.0
3.0,101.0
3.0,106.0
3.0,261.0
3.0,208.0
3.0,223.0
3.0,258.0
3.0,324.0
3.0,333.0
3.0,340.0
3.0,373.0
3.0,289.0
3.0,112.0
3.0,153.0
3.0,317.0
3.0,313.0
3.0,263.0
3.0,157.0
3.0,198.0
3.0,330.0
3.0,197.0
3.0,353.0
3.0,364.0
3.0,366.0
3.0,188.0
3.0,136.0
3.0,256.0
3.0,259.0
3.0,348.0
3.0,148.0
3.0,323.0
3.0,318.0
3.0,261.0
3.0,321.0
3.0,278.0
3.0,146.0
3.0,336.0
3.0,196.0
3.0,289.0
3.0,207.0
3.0,195.0
3.0,324.0
3.0,204.0
3.0,328.0
3.0,365.0
3.0,306.0
3.0,390.0
3.0,255.0
3.0,99.0
3.0,144.0
3.0,126.0
3.0,219.0
3.5,349.0
3.5,267.0
3.5,372.0
3.5,256.0
3.5,157.0
3.5,179.0
3.5,75.0
3.5,259.0
3.5,346.0
3.5,321.0
3.5,272.0
3.5,28.0
3.5,215.0
3.5,245.0
3.5,343.0
3.5,156.0
3.5,134.0
3.5,40.0
3.5,228.0
3.5,388.0
3.5,41.0
3.5,194.0
3.5,294.0
3.5,181.0
3.5,182.0
3.5,272.0
3.5,292.0
3.5,263.0
3.5,355.0
3.5,252.0
3.5,287.0
3.5,358.0
3.5,264.0
3.5,330.0
3.5,280.0
3.5,195.0
3.5,93.0
3.5,229.0
3.5,290.0
3.5,241.0
3.5,341.0
3.5,295.0
3.5,386.0
3.5,257.0
3.5,412.0
3.5,25.0
3.5,279.0
3.5,57.0
3.5,247.0
3.5,335.0
3.5,32.0
3.5,103.0
3.5,256.0
3.5,294.0
3.5,288.0
3.5,120.0
3.5,339.0
3.5,376.0
3.5,323.0
3.5,398.0
3.5,182.0
3.5,351.0
3.5,152.0
3.5,239.0
3.5,329.0
3.5,302.0
3.5,317.0
3.5,65.0
3.5,195.0
3.5,184.0
3.5,109.0
3.5,68.0
3.5,55.0
3.5,119.0
3.5,283.0
3.5,320.0
3.5,367.0
3.5,338.0
3.5,274.0
3.5,224.0
3.5,323.0
3.5,366.0
3.5,215.0
3.5,184.0
3.5,251.0
3.5,183.0
3.5,236.0
3.5,347.0
3.5,331.0
3.5,173.0
3.5,175.0
3.5,154.0
3.5,232.0
3.5,291.0
3.5,102.0
3.5,279.0
3.5,286.0
3.5,326.0
3.5,306.0
3.5,54.0
3.5,291.0
3.5,129.0
3.5,218.0
3.5,213.0
3.5,96.0
3.5,302.0
3.5,366.0
3.5,117.0
3.5,33.0
3.5,364.0
3.5,388.0
3.5,285.0
3.5,245.0
3.5,343.0
3.5,158.0
3.5,342.0
3.5,258.0
3.5,331.0
3.5,298.0
3.5,137.0
3.5,147.0
3.5,273.0
3.5,319.0
3.5,139.0
3.5,286.0
3.5,365.0
3.5,48.0
3.5,261.0
3.5,250.0
3.5,356.0
3.5,305.0
3.5,253.0
3.5,200.0
3.5,180.0
3.5,303.0
3.5,306.0
3.5,150.0
3.5,140.0
3.5,316.0
3.5,406.0
3.5,131.0
3.5,296.0
3.5,262.0
3.5,257.0
3.5,305.0
3.5,318.0
3.5,190.0
3.5,277.0
3.5,57.0
3.5,66.0
3.5,223.0
3.5,265.0
3.5,202.0
3.5,344.0
3.5,320.0
3.5,405.0
3.5,150.0
3.5,142.0
3.5,371.0
3.5,169.0
3.5,368.0
3.5,363.0
3.5,369.0
3.5,368.0
3.5,320.0
3.5,306.0
3.5,210.0
3.5,334.0
3.5,312.0
3.5,253.0
3.5,341.0
3.5,210.0
3.5,227.0
3.5,341.0
3.5,273.0
3.5,226.0
3.5,338.0
3.5,279.0
3.5,319.0
3.5,359.0
3.5,194.0
3.5,319.0
3.5,317.0
3.5,343.0
3.5,385.0
3.5,77.0
3.5,329.0
3.5,370.0
3.5,208.0
3.5,304.0
3.5,119.0
3.5,398.0
3.5,229.0
3.5,379.0
3.5,244.0
3.5,172.0
3.5,285.0
3.5,327.0
3.5,186.0
3.5,311.0
3.5,365.0
3.5,275.0
3.5,236.0
3.5,311.0
3.5,163.0
3.5,365.0
3.5,255.0
3.5,243.0
3.5,361.0
3.5,252.0
3.5,363.0
3.5,240.0
3.5,119.0
3.5,315.0
3.5,226.0
3.5,213.0
3.5,240.0
3.5,222.0
3.5,257.0
3.5,332.0
3.5,276.0
3.5,178.0
3.5,370.0
3.5,308.0
3.5,163.0
3.5,363.0
3.5,214.0
3.5,347.0
3.5,376.0
3.5,239.0
3.5,140.0
3.5,234.0
3.5,349.0
3.5,295.0
3.5,285.0
3.5,224.0
3.5,261.0
3.5,188.0
3.5,332.0
3.5,293.0
3.5,257.0
3.5,370.0
3.5,73.0
3.5,274.0
3.5,317.0
3.5,313.0
3.5,106.0
3.5,213.0
3.5,336.0
3.5,63.0
3.5,121.0
3.5,156.0
3.5,284.0
3.5,358.0
3.5,210.0
3.5,349.0
3.5,289.0
3.5,199.0
3.5,352.0
3.5,297.0
3.5,392.0
3.5,268.0
3.5,364.0
3.5,115.0
3.5,337.0
3.5,193.0
3.5,261.0
3.5,203.0
3.5,316.0
3.5,246.0
3.5,333.0
3.5,247.0
3.5,69.0
3.5,169.0
3.5,165.0
3.5,206.0
3.5,156.0
3.5,29.0
3.5,145.0
3.5,348.0
3.5,314.0
3.5,307.0
3.5,279.0
3.5,288.0
3.5,299.0
3.5,338.0
3.5,114.0
3.5,221.0
3.5,274.0
3.5,203.0
3.5,374.0
3.5,129.0
3.5,341.0
3.5,227.0
3.5,395.0
3.5,26.0
3.5,361.0
3.5,86.0
3.5,163.0
3.5,391.0
4.0,199.0
4.0,318.0
4.0,189.0
4.0,412.0
4.0,291.0
4.0,304.0
4.0,348.0
4.0,242.0
4.0,171.0
4.0,260.0
4.0,261.0
4.0,141.0
4.0,49.0
4.0,356.0
4.0,130.0
4.0,216.0
4.0,218.0
4.0,244.0
4.0,263.0
4.0,137.0
4.0,100.0
4.0,255.0
4.0,293.0
4.0,320.0
4.0,329.0
4.0,412.0
4.0,170.0
4.0,298.0
4.0,39.0
4.0,158.0
4.0,378.0
4.0,379.0
4.0,234.0
4.0,378.0
4.0,278.0
4.0,211.0
4.0,313.0
4.0,366.0
4.0,154.0
4.0,208.0
4.0,385.0
4.0,365.0
4.0,315.0
4.0,245.0
4.0,243.0
4.0,324.0
4.0,161.0
4.0,103.0
4.0,344.0
4.0,233.0
4.0,374.0
4.0,218.0
4.0,344.0
4.0,334.0
4.0,129.0
4.0,283.0
4.0,175.0
4.0,118.0
4.0,342.0
4.0,377.0
4.0,349.0
4.0,151.0
4.0,191.0
4.0,139.0
4.0,224.0
4.0,281.0
4.0,267.0
4.0,252.0
4.0,289.0
4.0,295.0
4.0,304.0
4.0,110.0
4.0,293.0
4.0,190.0
4.0,341.0
4.0,133.0
4.0,246.0
4.0,169.0
4.0,383.0
4.0,238.0
4.0,305.0
4.0,247.0
4.0,245.0
4.0,353.0
4.0,134.0
4.0,70.0
4.0,192.0
4.0,11.0
4.0,57.0
4.0,260.0
4.0,33.0
4.0,206.0
4.0,389.0
4.0,396.0
4.0,348.0
4.0,292.0
4.0,338.0
4.0,297.0
4.0,133.0
4.0,337.0
4.0,376.0
4.0,216.0
4.0,242.0
4.0,277.0
4.0,178.0
4.0,311.0
4.0,349.0
4.0,320.0
4.0,266.0
4.0,352.0
4.0,315.0
4.0,342.0
4.0,305.0
4.0,192.0
4.0,170.0
4.0,269.0
4.0,317.0
4.0,207.0
4.0,420.0
4.0,151.0
4.0,267.0
4.0,394.0
4.0,268.0
4.0,164.0
4.0,348.0
4.0,70.0
4.0,340.0
4.0,161.0
4.0,298.0
4.0,207.0
4.0,165.0
4.0,164.0
4.0,109.0
4.0,330.0
4.0,264.0
4.0,405.0
4.0,366.0
4.0,315.0
4.0,331.0
4.0,95.0
4.0,193.0
4.0,320.0
4.0,22.0
4.0,271.0
4.0,265.0
4.0,242.0
4.0,199.0
4.0,342.0
4.0,78.0
4.0,326.0
4.0,221.0
4.0,227.0
4.0,222.0
4.0,235.0
4.0,396.0
4.0,280.0
4.0,309.0
4.0,376.0
4.0,296.0
4.0,337.0
4.0,332.0
4.0,354.0
4.0,270.0
4.0,365.0
4.0,205.0
4.0,144.0
4.0,301.0
4.0,76.0
4.0,192.0
4.0,317.0
4.0,304.0
4.0,314.0
4.0,197.0
4.0,372.0
4.0,245.0
4.0,216.0
4.0,344.0
4.0,340.0
4.0,269.0
4.0,87.0
4.0,197.0
4.0,355.0
4.0,321.0
4.0,244.0
4.0,378.0
4.0,355.0
4.0,273.0
4.0,333.0
4.0,123.0
4.0,254.0
4.0,84.0
4.0,208.0
4.0,228.0
4.0,355.0
4.0,179.0
4.0,358.0
4.0,202.0
4.0,342.0
4.0,209.0
4.0,233.0
4.0,345.0
4.0,208.0
4.0,353.0
4.0,353.0
4.0,264.0
4.0,338.0
4.0,360.0
4.0,3.0
4.0,380.0
4.0,240.0
4.0,230.0
4.0,291.0
4.0,188.0
4.0,294.0
4.0,119.0
4.0,175.0
4.0,259.0
4.0,344.0
4.0,353.0
4.0,204.0
4.0,351.0
4.0,243.0
4.0,356.0
4.0,308.0
4.0,287.0
4.0,347.0
4.0,329.0
4.0,362.0
4.0,268.0
4.0,68.0
4.0,241.0
4.0,109.0
4.0,377.0
4.0,364.0
4.0,176.0
4.0,404.0
4.0,178.0
4.0,55.0
4.0,327.0
4.0,211.0
4.0,358.0
4.0,219.0
4.0,135.0
4.0,280.0
4.0,203.0
4.0,314.0
4.0,100.0
4.0,256.0
4.0,172.0
4.0,314.0
4.0,273.0
4.0,371.0
4.0,301.0
4.0,269.0
4.0,315.0
4.0,313.0
4.0,114.0
4.0,215.0
4.0,276.0
4.0,318.0
4.0,371.0
4.0,346.0
4.0,174.0
4.0,272.0
4.0,349.0
4.0,213.0
4.0,162.0
4.0,47.0
4.0,192.0
4.0,292.0
4.0,71.0
4.0,389.0
4.0,266.0
4.0,298.0
4.0,167.0
4.0,231.0
4.0,295.0
4.0,215.0
4.0,265.0
4.0,387.0
4.0,268.0
4.0,371.0
4.0,335.0
4.0,363.0
4.0,317.0
4.0,236.0
4.0,378.0
4.0,388.0
4.0,308.0
4.0,330.0
4.0,359.0
4.0,283.0
4.0,327.0
4.0,292.0
4.0,205.0
4.0,381.0
4.0,353.0
4.0,311.0
4.0,341.0
4.0,252.0
4.5,59.0
4.5,247.0
4.5,196.0
4.5,356.0
4.5,376.0
4.5,371.0
4.5,294.0
4.5,398.0
4.5,62.0
4.5,172.0
4.5,370.0
4.5,163.0
4.5,373.0
4.5,217.0
4.5,83.0
4.5,341.0
4.5,62.0
4.5,339.0
4.5,222.0
4.5,287.0
4.5,239.0
4.5,288.0
4.5,328.0
4.5,200.0
4.5,341.0
4.5,237.0
4.5,204.0
4.5,304.0
4.5,352.0
4.5,327.0
4.5,249.0
4.5,71.0
4.5,235.0
4.5,186.0
4.5,363.0
4.5,378.0
4.5,326.0
4.5,322.0
4.5,127.0
4.5,329.0
4.5,90.0
4.5,376.0
4.5,275.0
4.5,386.0
4.5,221.0
4.5,234.0
4.5,273.0
4.5,354.0
4.5,337.0
4.5,335.0
4.5,400.0
4.5,132.0
4.5,173.0
4.5,379.0
4.5,300.0
4.5,163.0
4.5,165.0
4.5,177.0
4.5,212.0
4.5,51.0
4.5,285.0
4.5,335.0
4.5,151.0
4.5,370.0
4.5,149.0
4.5,258.0
4.5,242.0
4.5,176.0
4.5,223.0
4.5,267.0
4.5,90.0
4.5,181.0
4.5,302.0
4.5,145.0
4.5,145.0
4.5,249.0
4.5,400.0
4.5,274.0
4.5,193.0
4.5,278.0
4.5,279.0
4.5,260.0
4.5,199.0
4.5,339.0
4.5,82.0
4.5,135.0
4.5,195.0
4.5,255.0
4.5,160.0
4.5,322.0
4.5,156.0
4.5,313.0
4.5,274.0
4.5,387.0
4.5,326.0
4.5,231.0
4.5,108.0
4.5,238.0
4.5,343.0
4.5,165.0
4.5,83.0
4.5,233.0
4.5,330.0
4.5,383.0
4.5,370.0
4.5,286.0
4.5,126.0
4.5,219.0
4.5,317.0
4.5,169.0
4.5,160.0
4.5,182.0
4.5,386.0
4.5,273.0
4.5,312.0
4.5,124.0
4.5,328.0
4.5,382.0
4.5,260.0
4.5,308.0
4.5,407.0
4.5,230.0
4.5,213.0
4.5,309.0
4.5,56.0
4.5,376.0
4.5,371.0
4.5,240.0
4.5,370.0
4.5,109.0
4.5,348.0
4.5,130.0
4.5,236.0
4.5,166.0
4.5,235.0
4.5,352.0
4.5,116.0
4.5,273.0
4.5,365.0
4.5,218.0
4.5,189.0
4.5,22.0
4.5,381.0
4.5,410.0
4.5,187.0
4.5,308.0
4.5,229.0
4.5,112.0
4.5,82.0
4.5,248.0
4.5,338.0
4.5,315.0
4.5,355.0
4.5,279.0
4.5,262.0
4.5,391.0
4.5,342.0
4.5,265.0
4.5,371.0
4.5,218.0
4.5,351.0
4.5,290.0
4.5,324.0
4.5,321.0
4.5,309.0
4.5,299.0
4.5,360.0
4.5,256.0
4.5,304.0
4.5,225.0
4.5,154.0
4.5,329.0
4.5,357.0
4.5,343.0
4.5,284.0
4.5,367.0
4.5,274.0
4.5,142.0
4.5,378.0
4.5,351.0
4.5,264.0
4.5,253.0
4.5,343.0
4.5,199.0
4.5,352.0
4.5,203.0
4.5,356.0
4.5,360.0
4.5,270.0
4.5,369.0
4.5,60.0
4.5,369.0
4.5,403.0
4.5,325.0
4.5,372.0
4.5,394.0
4.5,392.0
4.5,327.0
4.5,261.0
4.5,300.0
4.5,384.0
4.5,56.0
4.5,303.0
4.5,372.0
4.5,10.0
4.5,205.0
4.5,325.0
4.5,375.0
4.5,378.0
4.5,209.0
4.5,337.0
4.5,250.0
4.5,268.0
4.5,372.0
4.5,275.0
4.5,196.0
4.5,372.0
4.5,346.0
4.5,325.0
4.5,226.0
4.5,336.0
4.5,97.0
4.5,253.0
4.5,181.0
4.5,372.0
4.5,252.0
4.5,270.0
4.5,84.0
4.5,271.0
4.5,109.0
4.5,307.0
4.5,150.0
4.5,264.0
4.5,260.0
4.5,87.0
4.5,144.0
4.5,162.0
4.5,270.0
4.5,390.0
4.5,239.0
4.5,333.0
4.5,123.0
4.5,120.0
4.5,254.0
4.5,103.0
4.5,372.0
4.5,321.0
4.5,305.0
4.5,257.0
4.5,241.0
4.5,253.0
4.5,342.0
4.5,306.0
4.5,268.0
4.5,317.0
4.5,332.0
4.5,222.0
4.5,359.0
4.5,371.0
4.5,264.0
4.5,149.0
4.5,208.0
4.5,229.0
4.5,244.0
4.5,395.0
4.5,340.0
4.5,197.0
4.5,398.0
4.5,205.0
4.5,224.0
4.5,321.0
4.5,98.0
4.5,410.0
4.5,299.0
4.5,226.0
4.5,242.0
4.5,146.0
4.5,156.0
4.5,263.0
4.5,300.0
4.5,333.0
4.5,246.0
4.5,300.0
4.5,186.0
4.5,106.0
4.5,221.0
4.5,249.0
4.5,354.0
4.5,341.0
4.5,340.0
4.5,365.0
4.5,366.0
4.5,339.0
4.5,362.0
4.5,206.0
4.5,210.0
4.5,323.0
4.5,229.0
4.5,204.0
4.5,342.0
5.0,358.0
5.0,379.0
5.0,275.0
5.0,251.0
5.0,298.0
5.0,331.0
5.0,332.0
5.0,280.0
5.0,215.0
5.0,233.0
5.0,290.0
5.0,362.0
5.0,256.0
5.0,190.0
5.0,170.0
5.0,152.0
5.0,92.0
5.0,135.0
5.0,313.0
5.0,137.0
5.0,148.0
5.0,233.0
5.0,376.0
5.0,246.0
5.0,268.0
5.0,83.0
5.0,179.0
5.0,161.0
5.0,281.0
5.0,203.0
5.0,153.0
5.0,368.0
5.0,343.0
5.0,260.0
5.0,306.0
5.0,303.0
5.0,304.0
5.0,90.0
5.0,143.0
5.0,94.0
5.0,355.0
5.0,369.0
5.0,395.0
5.0,219.0
5.0,146.0
5.0,264.0
5.0,309.0
5.0,229.0
5.0,392.0
5.0,222.0
5.0,194.0
5.0,287.0
5.0,375.0
5.0,297.0
5.0,69.0
5.0,385.0
5.0,307.0
5.0,336.0
5.0,156.0
5.0,307.0
5.0,66.0
5.0,335.0
5.0,182.0
5.0,326.0
5.0,328.0
5.0,271.0
5.0,306.0
5.0,185.0
5.0,272.0
5.0,133.0
5.0,157.0
5.0,367.0
5.0,158.0
5.0,337.0
5.0,318.0
5.0,295.0
5.0,392.0
5.0,318.0
5.0,158.0
5.0,157.0
5.0,182.0
5.0,160.0
5.0,178.0
5.0,87.0
5.0,298.0
5.0,316.0
5.0,146.0
5.0,388.0
5.0,373.0
5.0,120.0
5.0,253.0
5.0,84.0
5.0,47.0
5.0,199.0
5.0,312.0
5.0,250.0
5.0,261.0
5.0,183.0
5.0,165.0
5.0,51.0
5.0,306.0
5.0,292.0
5.0,369.0
5.0,209.0
5.0,118.0
5.0,267.0
5.0,330.0
5.0,282.0
5.0,296.0
5.0,415.0
5.0,270.0
5.0,319.0
5.0,305.0
5.0,263.0
5.0,284.0
5.0,415.0
5.0,336.0
5.0,182.0
5.0,194.0
5.0,332.0
5.0,184.0
5.0,353.0
5.0,375.0
5.0,233.0
5.0,107.0
5.0,178.0
5.0,373.0
5.0,52.0
5.0,242.0
5.0,292.0
5.0,310.0
5.0,238.0
5.0,357.0
5.0,310.0
5.0,108.0
5.0,79.0
5.0,368.0
5.0,308.0
5.0,106.0
5.0,326.0
5.0,277.0
5.0,324.0
5.0,175.0
5.0,311.0
5.0,292.0
5.0,215.0
5.0,400.0
5.0,231.0
5.0,188.0
5.0,369.0
5.0,270.0
5.0,143.0
5.0,337.0
5.0,251.0
5.0,151.0
5.0,121.0
5.0,260.0
5.0,137.0
5.0,296.0
5.0,235.0
5.0,405.0
5.0,357.0
5.0,111.0
5.0,290.0
5.0,281.0
5.0,113.0
5.0,385.0
5.0,331.0
5.0,256.0
5.0,358.0
5.0,190.0
5.0,336.0
5.0,288.0
5.0,139.0
5.0,358.0
5.0,354.0
5.0,248.0
5.0,398.0
5.0,185.0
5.0,352.0
5.0,373.0
5.0,123.0
5.0,339.0
5.0,311.0
5.0,295.0
5.0,190.0
5.0,374.0
5.0,329.0
5.0,373.0
5.0,263.0
5.0,29.0
5.0,212.0
5.0,140.0
5.0,150.0
5.0,94.0
5.0,206.0
5.0,19.0
5.0,364.0
5.0,216.0
5.0,82.0
5.0,334.0
5.0,396.0
5.0,318.0
5.0,155.0
5.0,378.0
5.0,312.0
5.0,218.0
5.0,362.0
5.0,263.0
5.0,216.0
5.0,348.0
5.0,266.0
5.0,82.0
5.0,124.0
5.0,240.0
5.0,208.0
5.0,187.0
5.0,297.0
5.0,95.0
5.0,241.0
5.0,361.0
5.0,341.0
5.0,237.0
5.0,371.0
5.0,145.0
5.0,259.0
5.0,228.0
5.0,273.0
5.0,88.0
5.0,353.0
5.0,344.0
5.0,126.0
5.0,369.0
5.0,246.0
5.0,243.0
5.0,339.0
5.0,181.0
5.0,373.0
5.0,358.0
5.0,200.0
5.0,109.0
5.0,331.0
5.0,45.0
5.0,201.0
5.0,249.0
5.0,382.0
5.0,315.0
5.0,303.0
5.0,219.0
5.0,291.0
5.0,340.0
5.0,411.0
5.0,385.0
5.0,271.0
5.0,138.0
5.0,154.0
5.0,172.0
5.0,226.0
5.0,399.0
5.0,332.0
5.0,365.0
5.0,345.0
5.0,192.0
5.0,405.0
5.0,382.0
5.0,276.0
5.0,354.0
5.0,350.0
5.0,209.0
5.0,272.0
5.0,302.0
5.0,340.0
5.0,156.0
5.0,344.0
5.0,430.0
5.0,154.0
5.0,319.0
5.0,278.0
5.0,276.0
5.0,243.0
5.0,377.0
5.0,107.0
5.0,289.0
5.0,93.0
5.0,214.0
5.0,79.0
5.0,378.0
5.0,222.0
5.0,128.0
5.0,375.0
5.0,311.0
5.0,330.0
5.0,295.0
5.0,149.0
5.0,126.0
5.0,422.0
5.0,372.0
5.0,329.0
5.0,336.0
5.0,334.0
5.5,360.0
5.5,220.0
5.5,323.0
5.5,415.0
5.5,296.0
5.5,51.0
5.5,341.0
5.5,239.0
5.5,305.0
5.5,302.0
5.5,327.0
5.5,192.0
5.5,33.0
5.5,316.0
5.5,169.0
5.5,302.0
5.5,318.0
5.5,326.0
5.5,311.0
5.5,393.0
5.5,387.0
5.5,108.0
5.5,278.0
5.5,353.0
5.5,226.0
5.5,314.0
5.5,101.0
5.5,328.0
5.5,214.0
5.5,180.0
5.5,351.0
5.5,102.0
5.5,91.0
5.5,211.0
5.5,388.0
5.5,355.0
5.5,403.0
5.5,282.0
5.5,183.0
5.5,254.0
5.5,33.0
5.5,64.0
5.5,226.0
5.5,170.0
5.5,304.0
5.5,314.0
5.5,402.0
5.5,302.0
5.5,115.0
5.5,229.0
5.5,56.0
5.5,329.0
5.5,358.0
5.5,184.0
5.5,400.0
5.5,270.0
5.5,157.0
5.5,341.0
5.5,321.0
5.5,226.0
5.5,326.0
5.5,336.0
5.5,122.0
5.5,329.0
5.5,364.0
5.5,385.0
5.5,344.0
5.5,193.0
5.5,72.0
5.5,398.0
5.5,306.0
5.5,324.0
5.5,394.0
5.5,332.0
5.5,380.0
5.5,333.0
5.5,344.0
5.5,385.0
5.5,302.0
5.5,290.0
5.5,241.0
5.5,214.0
5.5,186.0
5.5,246.0
5.5,304.0
5.5,85.0
5.5,290.0
5.5,76.0
5.5,226.0
5.5,278.0
5.5,314.0
5.5,175.0
5.5,264.0
5.5,255.0
5.5,227.0
5.5,266.0
5.5,135.0
5.5,408.0
5.5,289.0
5.5,291.0
5.5,199.0
5.5,111.0
5.5,356.0
5.5,342.0
5.5,308.0
5.5,353.0
5.5,406.0
5.5,361.0
5.5,262.0
5.5,238.0
5.5,277.0
5.5,205.0
5.5,403.0
5.5,253.0
5.5,350.0
5.5,328.0
5.5,361.0
5.5,213.0
5.5,281.0
5.5,264.0
5.5,406.0
5.5,280.0
5.5,320.0
5.5,208.0
5.5,288.0
5.5,396.0
5.5,234.0
5.5,274.0
5.5,381.0
5.5,338.0
5.5,404.0
5.5,396.0
5.5,339.0
5.5,349.0
5.5,356.0
5.5,209.0
5.5,224.0
5.5,92.0
5.5,148.0
5.5,66.0
5.5,80.0
5.5,393.0
5.5,358.0
5.5,77.0
5.5,365.0
5.5,140.0
5.5,275.0
5.5,119.0
5.5,326.0
5.5,246.0
5.5,175.0
5.5,392.0
5.5,289.0
5.5,245.0
5.5,196.0
5.5,337.0
5.5,198.0
5.5,89.0
5.5,265.0
5.5,334.0
5.5,127.0
5.5,315.0
5.5,120.0
5.5,259.0
5.5,323.0
5.5,156.0
5.5,410.0
5.5,214.0
5.5,342.0
5.5,306.0
5.5,354.0
5.5,268.0
5.5,327.0
5.5,376.0
5.5,247.0
5.5,202.0
5.5,387.0
5.5,378.0
5.5,318.0
5.5,212.0
5.5,285.0
5.5,380.0
5.5,347.0
5.5,381.0
5.5,278.0
5.5,118.0
5.5,316.0
5.5,357.0
5.5,317.0
5.5,339.0
5.5,302.0
5.5,323.0
5.5,73.0
5.5,359.0
5.5,206.0
5.5,187.0
5.5,150.0
5.5,233.0
5.5,376.0
5.5,124.0
5.5,342.0
5.5,377.0
5.5,390.0
5.5,200.0
5.5,327.0
5.5,225.0
5.5,238.0
5.5,389.0
5.5,322.0
5.5,424.0
5.5,228.0
5.5,136.0
5.5,364.0
5.5,152.0
5.5,160.0
5.5,356.0
5.5,108.0
5.5,332.0
5.5,386.0
5.5,313.0
5.5,184.0
5.5,220.0
5.5,407.0
5.5,392.0
5.5,339.0
5.5,218.0
5.5,173.0
5.5,375.0
5.5,249.0
5.5,449.0
5.5,375.0
5.5,334.0
5.5,329.0
5.5,33.0
5.5,388.0
5.5,320.0
5.5,178.0
5.5,125.0
5.5,218.0
5.5,121.0
5.5,170.0
5.5,434.0
5.5,331.0
5.5,156.0
5.5,374.0
5.5,351.0
5.5,203.0
5.5,346.0
5.5,202.0
5.5,172.0
5.5,232.0
5.5,259.0
5.5,235.0
5.5,173.0
5.5,168.0
5.5,213.0
5.5,133.0
5.5,232.0
5.5,378.0
5.5,372.0
5.5,368.0
5.5,427.0
5.5,291.0
5.5,416.0
5.5,247.0
5.5,373.0
5.5,213.0
5.5,219.0
5.5,325.0
5.5,344.0
5.5,248.0
5.5,349.0
5.5,254.0
5.5,199.0
5.5,345.0
5.5,358.0
5.5,285.0
5.5,206.0
5.5,326.0
5.5,230.0
5.5,261.0
5.5,233.0
5.5,145.0
5.5,198.0
5.5,188.0
5.5,172.0
5.5,271.0
5.5,114.0
5.5,379.0
5.5,181.0
5.5,265.0
5.5,166.0
5.5,137.0
5.5,325.0
5.5,181.0
5.5,221.0
5.5,403.0
5.5,299.0
5.5,312.0
5.5,336.0
6.0,257.0
6.0,378.0
6.0,356.0
6.0,147.0
6.0,352.0
6.0,217.0
6.0,265.0
6.0,344.0
6.0,334.0
6.0,291.0
6.0,326.0
6.0,60.0
6.0,114.0
6.0,159.0
6.0,290.0
6.0,311.0
6.0,130.0
6.0,110.0
6.0,371.0
6.0,309.0
6.0,200.0
6.0,418.0
6.0,250.0
6.0,328.0
6.0,361.0
6.0,351.0
6.0,180.0
6.0,200.0
6.0,287.0
6.0,402.0
6.0,177.0
6.0,97.0
6.0,372.0
6.0,300.0
6.0,284.0
6.0,296.0
6.0,256.0
6.0,255.0
6.0,223.0
6.0,248.0
6.0,316.0
6.0,280.0
6.0,334.0
6.0,379.0
6.0,181.0
6.0,252.0
6.0,224.0
6.0,295.0
6.0,343.0
6.0,392.0
6.0,333.0
6.0,320.0
6.0,356.0
6.0,309.0
6.0,335.0
6.0,357.0
6.0,386.0
6.0,279.0
6.0,212.0
6.0,269.0
6.0,231.0
6.0,305.0
6.0,233.0
6.0,92.0
6.0,371.0
6.0,170.0
6.0,292.0
6.0,239.0
6.0,91.0
6.0,104.0
6.0,265.0
6.0,292.0
6.0,185.0
6.0,151.0
6.0,336.0
6.0,307.0
6.0,304.0
6.0,320.0
6.0,173.0
6.0,188.0
6.0,271.0
6.0,174.0
6.0,414.0
6.0,159.0
6.0,182.0
6.0,300.0
6.0,407.0
6.0,307.0
6.0,379.0
6.0,411.0
6.0,368.0
6.0,196.0
6.0,374.0
6.0,364.0
6.0,331.0
6.0,277.0
6.0,391.0
6.0,178.0
6.0,197.0
6.0,400.0
6.0,250.0
6.0,310.0
6.0,147.0
6.0,334.0
6.0,308.0
6.0,162.0
6.0,281.0
6.0,196.0
6.0,308.0
6.0,187.0
6.0,325.0
6.0,300.0
6.0,226.0
6.0,268.0
6.0,202.0
6.0,392.0
6.0,382.0
6.0,138.0
6.0,294.0
6.0,283.0
6.0,311.0
6.0,259.0
6.0,216.0
6.0,375.0
6.0,262.0
6.0,407.0
6.0,98.0
6.0,409.0
6.0,343.0
6.0,376.0
6.0,122.0
6.0,161.0
6.0,353.0
6.0,243.0
6.0,289.0
6.0,359.0
6.0,225.0
6.0,381.0
6.0,345.0
6.0,306.0
6.0,229.0
6.0,367.0
6.0,103.0
6.0,351.0
6.0,341.0
6.0,308.0
6.0,300.0
6.0,71.0
6.0,243.0
6.0,380.0
6.0,395.0
6.0,303.0
6.0,213.0
6.0,310.0
6.0,110.0
6.0,290.0
6.0,143.0
6.0,140.0
6.0,223.0
6.0,319.0
6.0,323.0
6.0,115.0
6.0,217.0
6.0,337.0
6.0,274.0
6.0,287.0
6.0,231.0
6.0,298.0
6.0,354.0
6.0,276.0
6.0,361.0
6.0,55.0
6.0,80.0
6.0,114.0
6.0,138.0
6.0,316.0
6.0,252.0
6.0,185.0
6.0,372.0
6.0,160.0
6.0,51.0
6.0,220.0
6.0,251.0
6.0,46.0
6.0,263.0
6.0,270.0
6.0,257.0
6.0,286.0
6.0,18.0
6.0,361.0
6.0,132.0
6.0,410.0
6.0,68.0
6.0,366.0
6.0,347.0
6.0,321.0
6.0,401.0
6.0,298.0
6.0,219.0
6.0,309.0
6.0,135.0
6.0,206.0
6.0,224.0
6.0,335.0
6.0,261.0
6.0,23.0
6.0,264.0
6.0,236.0
6.0,324.0
6.0,353.0
6.0,367.0
6.0,279.0
6.0,298.0
6.0,387.0
6.0,393.0
6.0,262.0
6.0,327.0
6.0,252.0
6.0,318.0
6.0,306.0
6.0,314.0
6.0,373.0
6.0,167.0
6.0,192.0
6.0,123.0
6.0,321.0
6.0,370.0
6.0,411.0
6.0,250.0
6.0,363.0
6.0,368.0
6.0,403.0
6.0,319.0
6.0,378.0
6.0,259.0
6.0,269.0
6.0,221.0
6.0,363.0
6.0,252.0
6.0,294.0
6.0,192.0
6.0,397.0
6.0,363.0
6.0,260.0
6.0,157.0
6.0,189.0
6.0,323.0
6.0,115.0
6.0,331.0
6.0,300.0
6.0,179.0
6.0,202.0
6.0,371.0
6.0,381.0
6.0,329.0
6.0,129.0
6.0,307.0
6.0,264.0
6.0,162.0
6.0,269.0
6.0,109.0
6.0,371.0
6.0,410.0
6.0,347.0
6.0,225.0
6.0,370.0
6.0,149.0
6.0,346.0
6.0,274.0
6.0,133.0
6.0,79.0
6.0,378.0
6.0,327.0
6.0,419.0
6.0,312.0
6.0,269.0
6.0,211.0
6.0,303.0
6.0,367.0
6.0,352.0
6.0,157.0
6.0,172.0
6.0,282.0
6.0,42.0
6.0,248.0
6.0,324.0
6.0,104.0
6.0,250.0
6.0,441.0
6.0,252.0
6.0,120.0
6.0,408.0
6.0,391.0
6.0,339.0
6.0,332.0
6.0,368.0
6.0,152.0
6.0,147.0
6.0,337.0
6.0,359.0
6.5,169.0
6.5,109.0
6.5,387.0
6.5,338.0
6.5,184.0
6.5,90.0
6.5,360.0
6.5,151.0
6.5,275.0
6.5,220.0
6.5,327.0
6.5,237.0
6.5,348.0
6.5,303.0
6.5,223.0
6.5,291.0
6.5,104.0
6.5,322.0
6.5,366.0
6.5,296.0
6.5,423.0
6.5,242.0
6.5,330.0
6.5,372.0
6.5,63.0
6.5,194.0
6.5,273.0
6.5,321.0
6.5,87.0
6.5,400.0
6.5,422.0
6.5,364.0
6.5,304.0
6.5,271.0
6.5,229.0
6.5,303.0
6.5,375.0
6.5,334.0
6.5,339.0
6.5,297.0
6.5,98.0
6.5,333.0
6.5,399.0
6.5,395.0
6.5,230.0
6.5,242.0
6.5,204.0
6.5,244.0
6.5,367.0
6.5,144.0
6.5,229.0
6.5,92.0
6.5,135.0
6.5,127.0
6.5,409.0
6.5,234.0
6.5,262.0
6.5,410.0
6.5,303.0
6.5,33.0
6.5,367.0
6.5,151.0
6.5,171.0
6.5,345.0
6.5,262.0
6.5,386.0
6.5,375.0
6.5,305.0
6.5,197.0
6.5,197.0
6.5,354.0
6.5,371.0
6.5,265.0
6.5,376.0
6.5,232.0
6.5,337.0
6.5,309.0
6.5,173.0
6.5,354.0
6.5,390.0
6.5,289.0
6.5,349.0
6.5,249.0
6.5,358.0
6.5,364.0
6.5,311.0
6.5,386.0
6.5,240.0
6.5,125.0
6.5,230.0
6.5,129.0
6.5,363.0
6.5,321.0
6.5,391.0
6.5,367.0
6.5,345.0
6.5,388.0
6.5,387.0
6.5,140.0
6.5,423.0
6.5,371.0
6.5,226.0
6.5,238.0
6.5,274.0
6.5,69.0
6.5,354.0
6.5,317.0
6.5,314.0
6.5,344.0
6.5,286.0
6.5,240.0
6.5,350.0
6.5,328.0
6.5,353.0
6.5,66.0
6.5,260.0
6.5,342.0
6.5,344.0
6.5,347.0
6.5,345.0
6.5,272.0
6.5,343.0
6.5,231.0
6.5,290.0
6.5,359.0
6.5,206.0
6.5,132.0
6.5,363.0
6.5,191.0
6.5,374.0
6.5,258.0
6.5,348.0
6.5,327.0
6.5,207.0
6.5,328.0
6.5,355.0
6.5,352.0
6.5,234.0
6.5,270.0
6.5,282.0
6.5,307.0
6.5,182.0
6.5,316.0
6.5,246.0
6.5,120.0
6.5,324.0
6.5,331.0
6.5,120.0
6.5,202.0
6.5,361.0
6.5,373.0
6.5,293.0
6.5,216.0
6.5,367.0
6.5,216.0
6.5,256.0
6.5,301.0
6.5,52.0
6.5,271.0
6.5,391.0
6.5,283.0
6.5,203.0
6.5,238.0
6.5,423.0
6.5,229.0
6.5,152.0
6.5,225.0
6.5,86.0
6.5,76.0
6.5,325.0
6.5,402.0
6.5,420.0
6.5,363.0
6.5,361.0
6.5,361.0
6.5,216.0
6.5,327.0
6.5,97.0
6.5,182.0
6.5,148.0
6.5,339.0
6.5,25.0
6.5,158.0
6.5,398.0
6.5,229.0
6.5,432.0
6.5,400.0
6.5,354.0
6.5,87.0
6.5,186.0
6.5,134.0
6.5,69.0
6.5,251.0
6.5,211.0
6.5,253.0
6.5,105.0
6.5,405.0
6.5,413.0
6.5,232.0
6.5,315.0
6.5,154.0
6.5,355.0
6.5,319.0
6.5,362.0
6.5,277.0
6.5,435.0
6.5,85.0
6.5,344.0
6.5,318.0
6.5,353.0
6.5,190.0
6.5,116.0
6.5,99.0
6.5,367.0
6.5,24.0
6.5,197.0
6.5,309.0
6.5,247.0
6.5,208.0
6.5,76.0
6.5,313.0
6.5,364.0
6.5,365.0
6.5,410.0
6.5,277.0
6.5,343.0
6.5,344.0
6.5,223.0
6.5,323.0
6.5,291.0
6.5,337.0
6.5,328.0
6.5,203.0
6.5,301.0
6.5,214.0
6.5,347.0
6.5,384.0
6.5,277.0
6.5,168.0
6.5,328.0
6.5,100.0
6.5,128.0
6.5,380.0
6.5,255.0
6.5,89.0
6.5,148.0
6.5,409.0
6.5,314.0
6.5,389.0
6.5,353.0
6.5,122.0
6.5,252.0
6.5,383.0
6.5,38.0
6.5,231.0
6.5,333.0
6.5,256.0
6.5,190.0
6.5,387.0
6.5,45.0
6.5,277.0
6.5,165.0
6.5,234.0
6.5,370.0
6.5,347.0
6.5,126.0
6.5,265.0
6.5,369.0
6.5,381.0
6.5,111.0
6.5,210.0
6.5,180.0
6.5,385.0
6.5,386.0
6.5,129.0
6.5,236.0
6.5,217.0
6.5,290.0
6.5,277.0
6.5,292.0
6.5,277.0
6.5,177.0
6.5,366.0
6.5,356.0
6.5,349.0
6.5,343.0
6.5,330.0
6.5,344.0
6.5,204.0
6.5,163.0
6.5,399.0
6.5,120.0
6.5,273.0
6.5,352.0
6.5,364.0
6.5,390.0
6.5,137.0
6.5,196.0
6.5,311.0
6.5,350.0
7.0,326.0
7.0,92.0
7.0,349.0
7.0,332.0
7.0,326.0
7.0,176.0
7.0,222.0
7.0,423.0
7.0,210.0
7.0,338.0
7.0,304.0
7.0,185.0
7.0,381.0
7.0,167.0
7.0,287.0
7.0,297.0
7.0,227.0
7.0,312.0
7.0,290.0
7.0,259.0
7.0,243.0
7.0,148.0
7.0,296.0
7.0,372.0
7.0,106.0
7.0,380.0
7.0,180.0
7.0,65.0
7.0,209.0
7.0,199.0
7.0,390.0
7.0,350.0
7.0,375.0
7.0,124.0
7.0,390.0
7.0,292.0
7.0,307.0
7.0,381.0
7.0,284.0
7.0,380.0
7.0,156.0
7.0,375.0
7.0,337.0
7.0,351.0
7.0,320.0
7.0,221.0
7.0,156.0
7.0,324.0
7.0,159.0
7.0,345.0
7.0,373.0
7.0,183.0
7.0,345.0
7.0,380.0
7.0,388.0
7.0,373.0
7.0,384.0
7.0,322.0
7.0,296.0
7.0,211.0
7.0,248.0
7.0,344.0
7.0,248.0
7.0,380.0
7.0,341.0
7.0,326.0
7.0,343.0
7.0,143.0
7.0,282.0
7.0,105.0
7.0,266.0
7.0,386.0
7.0,269.0
7.0,231.0
7.0,317.0
7.0,281.0
7.0,374.0
7.0,328.0
7.0,254.0
7.0,335.0
7.0,383.0
7.0,230.0
7.0,316.0
7.0,319.0
7.0,191.0
7.0,151.0
7.0,301.0
7.0,213.0
7.0,64.0
7.0,351.0
7.0,299.0
7.0,265.0
7.0,348.0
7.0,396.0
7.0,355.0
7.0,310.0
7.0,38.0
7.0,331.0
7.0,211.0
7.0,358.0
7.0,127.0
7.0,394.0
7.0,337.0
7.0,158.0
7.0,389.0
7.0,218.0
7.0,327.0
7.0,305.0
7.0,383.0
7.0,265.0
7.0,329.0
7.0,193.0
7.0,411.0
7.0,349.0
7.0,203.0
7.0,288.0
7.0,336.0
7.0,332.0
7.0,346.0
7.0,142.0
7.0,395.0
7.0,189.0
7.0,193.0
7.0,104.0
7.0,251.0
7.0,344.0
7.0,356.0
7.0,205.0
7.0,13.0
7.0,356.0
7.0,344.0
7.0,90.0
7.0,313.0
7.0,290.0
7.0,279.0
7.0,323.0
7.0,370.0
7.0,61.0
7.0,301.0
7.0,393.0
7.0,225.0
7.0,35.0
7.0,161.0
7.0,334.0
7.0,291.0
7.0,314.0
7.0,237.0
7.0,21.0
7.0,236.0
7.0,343.0
7.0,367.0
7.0,149.0
7.0,305.0
7.0,382.0
7.0,74.0
7.0,160.0
7.0,145.0
7.0,374.0
7.0,335.0
7.0,325.0
7.0,102.0
7.0,256.0
7.0,293.0
7.0,305.0
7.0,239.0
7.0,115.0
7.0,283.0
7.0,342.0
7.0,249.0
7.0,77.0
7.0,296.0
7.0,321.0
7.0,271.0
7.0,299.0
7.0,302.0
7.0,381.0
7.0,169.0
7.0,276.0
7.0,183.0
7.0,325.0
7.0,265.0
7.0,354.0
7.0,314.0
7.0,172.0
7.0,362.0
7.0,367.0
7.0,237.0
7.0,236.0
7.0,236.0
7.0,170.0
7.0,364.0
7.0,367.0
7.0,215.0
7.0,236.0
7.0,227.0
7.0,202.0
7.0,311.0
7.0,228.0
7.0,269.0
7.0,415.0
7.0,268.0
7.0,265.0
7.0,62.0
7.0,339.0
7.0,367.0
7.0,355.0
7.0,159.0
7.0,363.0
7.0,174.0
7.0,320.0
7.0,78.0
7.0,162.0
7.0,383.0
7.0,119.0
7.0,326.0
7.0,343.0
7.0,188.0
7.0,342.0
7.0,377.0
7.0,69.0
7.0,327.0
7.0,358.0
7.0,289.0
7.0,257.0
7.0,321.0
7.0,356.0
7.0,222.0
7.0,395.0
7.0,300.0
7.0,292.0
7.0,215.0
7.0,58.0
7.0,225.0
7.0,198.0
7.0,355.0
7.0,206.0
7.0,141.0
7.0,368.0
7.0,268.0
7.0,340.0
7.0,305.0
7.0,225.0
7.0,140.0
7.0,297.0
7.0,138.0
7.0,152.0
7.0,352.0
7.0,299.0
7.0,345.0
7.0,350.0
7.0,349.0
7.0,353.0
7.0,280.0
7.0,418.0
7.0,198.0
7.0,361.0
7.0,166.0
7.0,243.0
7.0,223.0
7.0,357.0
7.0,343.0
7.0,193.0
7.0,215.0
7.0,398.0
7.0,397.0
7.0,114.0
7.0,121.0
7.0,314.0
7.0,243.0
7.0,265.0
7.0,101.0
7.0,291.0
7.0,305.0
7.0,240.0
7.0,181.0
7.0,284.0
7.0,181.0
7.0,384.0
7.0,396.0
7.0,373.0
7.0,415.0
7.0,260.0
7.0,365.0
7.0,328.0
7.0,326.0
7.0,211.0
7.0,343.0
7.0,242.0
7.0,164.0
7.0,101.0
7.0,338.0
7.0,330.0
7.0,381.0
7.0,218.0
7.0,337.0
7.0,233.0
7.0,187.0
7.0,323.0
7.0,42.0
7.0,397.0
7.5,40.0
7.5,227.0
7.5,313.0
7.5,345.0
7.5,311.0
7.5,180.0
7.5,271.0
7.5,269.0
7.5,114.0
7.5,131.0
7.5,315.0
7.5,245.0
7.5,344.0
7.5,268.0
7.5,190.0
7.5,283.0
7.5,323.0
7.5,325.0
7.5,392.0
7.5,375.0
7.5,200.0
7.5,268.0
7.5,393.0
7.5,319.0
7.5,373.0
7.5,261.0
7.5,150.0
7.5,296.0
7.5,248.0
7.5,326.0
7.5,422.0
7.5,59.0
7.5,375.0
7.5,304.0
7.5,48.0
7.5,262.0
7.5,195.0
7.5,394.0
7.5,208.0
7.5,331.0
7.5,144.0
7.5,322.0
7.5,260.0
7.5,218.0
7.5,303.0
7.5,320.0
7.5,380.0
7.5,287.0
7.5,295.0
7.5,313.0
7.5,206.0
7.5,216.0
7.5,386.0
7.5,372.0
7.5,304.0
7.5,102.0
7.5,400.0
7.5,115.0
7.5,108.0
7.5,223.0
7.5,384.0
7.5,358.0
7.5,371.0
7.5,243.0
7.5,350.0
7.5,186.0
7.5,142.0
7.5,130.0
7.5,353.0
7.5,164.0
7.5,167.0
7.5,254.0
7.5,319.0
7.5,271.0
7.5,390.0
7.5,295.0
7.5,228.0
7.5,327.0
7.5,319.0
7.5,358.0
7.5,362.0
7.5,330.0
7.5,361.0
7.5,257.0
7.5,202.0
7.5,255.0
7.5,229.0
7.5,405.0
7.5,330.0
7.5,253.0
7.5,221.0
7.5,299.0
7.5,346.0
7.5,222.0
7.5,336.0
7.5,88.0
7.5,173.0
7.5,226.0
7.5,323.0
7.5,353.0
7.5,22.0
7.5,333.0
7.5,34.0
7.5,391.0
7.5,316.0
7.5,171.0
7.5,319.0
7.5,201.0
7.5,258.0
7.5,302.0
7.5,176.0
7.5,364.0
7.5,367.0
7.5,304.0
7.5,264.0
7.5,356.0
7.5,305.0
7.5,254.0
7.5,165.0
7.5,397.0
7.5,347.0
7.5,337.0
7.5,361.0
7.5,88.0
7.5,348.0
7.5,149.0
7.5,252.0
7.5,299.0
7.5,300.0
7.5,307.0
7.5,402.0
7.5,339.0
7.5,233.0
7.5,377.0
7.5,364.0
7.5,250.0
7.5,277.0
7.5,342.0
7.5,328.0
7.5,176.0
7.5,205.0
7.5,321.0
7.5,308.0
7.5,202.0
7.5,194.0
7.5,405.0
7.5,300.0
7.5,15.0
7.5,276.0
7.5,312.0
7.5,317.0
7.5,204.0
7.5,139.0
7.5,319.0
7.5,150.0
7.5,256.0
7.5,282.0
7.5,88.0
7.5,217.0
7.5,349.0
7.5,170.0
7.5,192.0
7.5,305.0
7.5,228.0
7.5,332.0
7.5,348.0
7.5,397.0
7.5,405.0
7.5,343.0
7.5,246.0
7.5,331.0
7.5,354.0
7.5,329.0
7.5,248.0
7.5,17.0
7.5,411.0
7.5,284.0
7.5,292.0
7.5,133.0
7.5,299.0
7.5,107.0
7.5,371.0
7.5,217.0
7.5,255.0
7.5,386.0
7.5,184.0
7.5,356.0
7.5,167.0
7.5,283.0
7.5,314.0
7.5,127.0
7.5,155.0
7.5,393.0
7.5,110.0
7.5,244.0
7.5,382.0
7.5,360.0
7.5,200.0
7.5,397.0
7.5,263.0
7.5,333.0
7.5,255.0
7.5,94.0
7.5,315.0
7.5,181.0
7.5,312.0
7.5,364.0
7.5,153.0
7.5,88.0
7.5,120.0
7.5,372.0
7.5,151.0
7.5,68.0
7.5,354.0
7.5,397.0
7.5,374.0
7.5,364.0
7.5,230.0
7.5,363.0
7.5,122.0
7.5,335.0
7.5,294.0
7.5,244.0
7.5,151.0
7.5,238.0
7.5,243.0
7.5,428.0
7.5,371.0
7.5,424.0
7.5,243.0
7.5,296.0
7.5,250.0
7.5,349.0
7.5,348.0
7.5,234.0
7.5,284.0
7.5,204.0
7.5,365.0
7.5,163.0
7.5,98.0
7.5,386.0
7.5,339.0
7.5,224.0
7.5,369.0
7.5,319.0
7.5,379.0
7.5,383.0
7.5,174.0
7.5,393.0
7.5,346.0
7.5,335.0
7.5,166.0
7.5,270.0
7.5,147.0
7.5,383.0
7.5,267.0
7.5,371.0
7.5,239.0
7.5,138.0
7.5,372.0
7.5,307.0
7.5,191.0
7.5,294.0
7.5,355.0
7.5,259.0
7.5,388.0
7.5,368.0
7.5,69.0
7.5,357.0
7.5,155.0
7.5,336.0
7.5,39.0
7.5,339.0
7.5,306.0
7.5,284.0
7.5,321.0
7.5,403.0
7.5,401.0
7.5,151.0
7.5,287.0
7.5,25.0
7.5,298.0
7.5,241.0
7.5,226.0
7.5,366.0
7.5,355.0
7.5,188.0
7.5,365.0
7.5,169.0
7.5,366.0
7.5,119.0
7.5,114.0
7.5,271.0
7.5,56.0
7.5,188.0
7.5,224.0
7.5,301.0
7.5,354.0
7.5,49.0
7.5,325.0
8.0,393.0
8.0,381.0
8.0,221.0
8.0,349.0
8.0,85.0
8.0,195.0
8.0,402.0
8.0,406.0
8.0,8.0
8.0,234.0
8.0,78.0
8.0,379.0
8.0,381.0
8.0,376.0
8.0,45.0
8.0,378.0
8.0,360.0
8.0,237.0
8.0,218.0
8.0,210.0
8.0,400.0
8.0,104.0
8.0,255.0
8.0,341.0
8.0,321.0
8.0,391.0
8.0,67.0
8.0,230.0
8.0,369.0
8.0,261.0
8.0,368.0
8.0,370.0
8.0,161.0
8.0,246.0
8.0,45.0
8.0,241.0
8.0,165.0
8.0,279.0
8.0,81.0
8.0,182.0
8.0,219.0
8.0,419.0
8.0,321.0
8.0,232.0
8.0,305.0
8.0,328.0
8.0,314.0
8.0,327.0
8.0,315.0
8.0,96.0
8.0,141.0
8.0,208.0
8.0,117.0
8.0,349.0
8.0,61.0
8.0,118.0
8.0,278.0
8.0,327.0
8.0,206.0
8.0,331.0
8.0,193.0
8.0,240.0
8.0,146.0
8.0,181.0
8.0,216.0
8.0,381.0
8.0,203.0
8.0,386.0
8.0,335.0
8.0,250.0
8.0,170.0
8.0,261.0
8.0,160.0
8.0,287.0
8.0,155.0
8.0,209.0
8.0,63.0
8.0,264.0
8.0,352.0
8.0,397.0
8.0,198.0
8.0,292.0
8.0,93.0
8.0,286.0
8.0,130.0
8.0,335.0
8.0,355.0
8.0,190.0
8.0,276.0
8.0,383.0
8.0,236.0
8.0,342.0
8.0,78.0
8.0,296.0
8.0,246.0
8.0,145.0
8.0,174.0
8.0,338.0
8.0,391.0
8.0,258.0
8.0,272.0
8.0,78.0
8.0,111.0
8.0,257.0
8.0,373.0
8.0,223.0
8.0,112.0
8.0,307.0
8.0,146.0
8.0,211.0
8.0,246.0
8.0,268.0
8.0,364.0
8.0,359.0
8.0,280.0
8.0,254.0
8.0,332.0
8.0,323.0
8.0,131.0
8.0,389.0
8.0,66.0
8.0,201.0
8.0,353.0
8.0,261.0
8.0,143.0
8.0,299.0
8.0,174.0
8.0,101.0
8.0,170.0
8.0,378.0
8.0,320.0
8.0,365.0
8.0,149.0
8.0,227.0
8.0,17.0
8.0,213.0
8.0,300.0
8.0,178.0
8.0,263.0
8.0,382.0
8.0,382.0
8.0,268.0
8.0,356.0
8.0,253.0
8.0,217.0
8.0,226.0
8.0,374.0
8.0,288.0
8.0,253.0
8.0,174.0
8.0,291.0
8.0,130.0
8.0,331.0
8.0,205.0
8.0,227.0
8.0,363.0
8.0,356.0
8.0,46.0
8.0,319.0
8.0,232.0
8.0,166.0
8.0,253.0
8.0,191.0
8.0,280.0
8.0,257.0
8.0,365.0
8.0,369.0
8.0,326.0
8.0,391.0
8.0,290.0
8.0,118.0
8.0,374.0
8.0,278.0
8.0,360.0
8.0,339.0
8.0,97.0
8.0,243.0
8.0,101.0
8.0,89.0
8.0,278.0
8.0,207.0
8.0,382.0
8.0,294.0
8.0,274.0
8.0,362.0
8.0,357.0
8.0,152.0
8.0,346.0
8.0,283.0
8.0,163.0
8.0,380.0
8.0,158.0
8.0,8.0
8.0,269.0
8.0,247.0
8.0,352.0
8.0,66.0
8.0,165.0
8.0,110.0
8.0,218.0
8.0,245.0
8.0,175.0
8.0,381.0
8.0,298.0
8.0,358.0
8.0,391.0
8.0,280.0
8.0,114.0
8.0,210.0
8.0,390.0
8.0,177.0
8.0,358.0
8.0,368.0
8.0,368.0
8.0,130.0
8.0,239.0
8.0,168.0
8.0,308.0
8.0,385.0
8.0,221.0
8.0,378.0
8.0,201.0
8.0,249.0
8.0,154.0
8.0,315.0
8.0,299.0
8.0,252.0
8.0,398.0
8.0,219.0
8.0,237.0
8.0,167.0
8.0,167.0
8.0,237.0
8.0,279.0
8.0,301.0
8.0,248.0
8.0,321.0
8.0,369.0
8.0,379.0
8.0,280.0
8.0,273.0
8.0,355.0
8.0,235.0
8.0,282.0
8.0,370.0
8.0,144.0
8.0,295.0
8.0,243.0
8.0,323.0
8.0,238.0
8.0,318.0
8.0,200.0
8.0,354.0
8.0,372.0
8.0,309.0
8.0,258.0
8.0,319.0
8.0,283.0
8.0,323.0
8.0,83.0
8.0,90.0
8.0,323.0
8.0,330.0
8.0,354.0
8.0,333.0
8.0,407.0
8.0,202.0
8.0,371.0
8.0,179.0
8.0,238.0
8.0,182.0
8.0,355.0
8.0,285.0
8.0,181.0
8.0,262.0
8.0,116.0
8.0,315.0
8.0,304.0
8.0,167.0
8.0,391.0
8.0,370.0
8.0,316.0
8.0,373.0
8.0,243.0
8.0,350.0
8.0,284.0
8.0,236.0
8.0,300.0
8.0,63.0
8.0,40.0
8.0,244.0
8.0,380.0
8.0,81.0
8.0,282.0
8.0,315.0
8.0,267.0
8.0,321.0
8.0,210.0
8.0,85.0
8.0,383.0
8.5,165.0
8.5,180.0
8.5,263.0
8.5,295.0
8.5,293.0
8.5,298.0
8.5,298.0
8.5,284.0
8.5,303.0
8.5,245.0
8.5,151.0
8.5,291.0
8.5,171.0
8.5,56.0
8.5,152.0
8.5,378.0
8.5,102.0
8.5,228.0
8.5,344.0
8.5,289.0
8.5,386.0
8.5,283.0
8.5,388.0
8.5,213.0
8.5,365.0
8.5,127.0
8.5,283.0
8.5,376.0
8.5,326.0
8.5,272.0
8.5,306.0
8.5,204.0
8.5,189.0
8.5,243.0
8.5,230.0
8.5,379.0
8.5,225.0
8.5,258.0
8.5,214.0
8.5,327.0
8.5,363.0
8.5,321.0
8.5,228.0
8.5,276.0
8.5,235.0
8.5,302.0
8.5,334.0
8.5,224.0
8.5,186.0
8.5,216.0
8.5,124.0
8.5,341.0
8.5,61.0
8.5,335.0
8.5,380.0
8.5,365.0
8.5,162.0
8.5,309.0
8.5,341.0
8.5,374.0
8.5,302.0
8.5,369.0
8.5,268.0
8.5,161.0
8.5,380.0
8.5,389.0
8.5,101.0
8.5,234.0
8.5,213.0
8.5,336.0
8.5,300.0
8.5,347.0
8.5,394.0
8.5,244.0
8.5,398.0
8.5,414.0
8.5,268.0
8.5,327.0
8.5,195.0
8.5,266.0
8.5,361.0
8.5,98.0
8.5,252.0
8.5,327.0
8.5,209.0
8.5,348.0
8.5,322.0
8.5,106.0
8.5,193.0
8.5,32.0
8.5,312.0
8.5,411.0
8.5,71.0
8.5,404.0
8.5,375.0
8.5,350.0
8.5,384.0
8.5,297.0
8.5,294.0
8.5,287.0
8.5,106.0
8.5,383.0
8.5,128.0
8.5,345.0
8.5,416.0
8.5,196.0
8.5,119.0
8.5,309.0
8.5,358.0
8.5,314.0
8.5,405.0
8.5,340.0
8.5,164.0
8.5,213.0
8.5,140.0
8.5,374.0
8.5,222.0
8.5,271.0
8.5,40.0
8.5,319.0
8.5,304.0
8.5,329.0
8.5,248.0
8.5,194.0
8.5,156.0
8.5,219.0
8.5,183.0
8.5,176.0
8.5,381.0
8.5,300.0
8.5,366.0
8.5,325.0
8.5,147.0
8.5,291.0
8.5,96.0
8.5,368.0
8.5,77.0
8.5,385.0
8.5,331.0
8.5,288.0
8.5,312.0
8.5,103.0
8.5,72.0
8.5,101.0
8.5,371.0
8.5,43.0
8.5,327.0
8.5,168.0
8.5,229.0
8.5,324.0
8.5,188.0
8.5,135.0
8.5,165.0
8.5,161.0
8.5,84.0
8.5,190.0
8.5,358.0
8.5,127.0
8.5,382.0
8.5,316.0
8.5,245.0
8.5,280.0
8.5,190.0
8.5,330.0
8.5,34.0
8.5,264.0
8.5,334.0
8.5,256.0
8.5,270.0
8.5,336.0
8.5,396.0
8.5,370.0
8.5,55.0
8.5,413.0
8.5,365.0
8.5,363.0
8.5,157.0
8.5,100.0
8.5,214.0
8.5,316.0
8.5,412.0
8.5,259.0
8.5,275.0
8.5,286.0
8.5,151.0
8.5,391.0
8.5,114.0
8.5,322.0
8.5,231.0
8.5,384.0
8.5,354.0
8.5,416.0
8.5,155.0
8.5,246.0
8.5,196.0
8.5,343.0
8.5,362.0
8.5,342.0
8.5,360.0
8.5,257.0
8.5,92.0
8.5,219.0
8.5,352.0
8.5,347.0
8.5,195.0
8.5,400.0
8.5,311.0
8.5,422.0
8.5,140.0
8.5,269.0
8.5,320.0
8.5,356.0
8.5,424.0
8.5,178.0
8.5,168.0
8.5,284.0
8.5,370.0
8.5,375.0
8.5,355.0
8.5,325.0
8.5,347.0
8.5,212.0
8.5,345.0
8.5,292.0
8.5,96.0
8.5,313.0
8.5,58.0
8.5,279.0
8.5,84.0
8.5,296.0
8.5,171.0
8.5,135.0
8.5,156.0
8.5,295.0
8.5,171.0
8.5,21.0
8.5,398.0
8.5,396.0
8.5,211.0
8.5,331.0
8.5,410.0
8.5,405.0
8.5,360.0
8.5,115.0
8.5,309.0
8.5,358.0
8.5,379.0
8.5,338.0
8.5,377.0
8.5,271.0
8.5,219.0
8.5,370.0
8.5,54.0
8.5,369.0
8.5,227.0
8.5,356.0
8.5,78.0
8.5,293.0
8.5,320.0
8.5,341.0
8.5,223.0
8.5,235.0
8.5,284.0
8.5,264.0
8.5,243.0
8.5,378.0
8.5,275.0
8.5,200.0
8.5,285.0
8.5,345.0
8.5,160.0
8.5,292.0
8.5,268.0
8.5,375.0
8.5,113.0
8.5,228.0
8.5,210.0
8.5,259.0
8.5,224.0
8.5,73.0
8.5,232.0
8.5,403.0
8.5,286.0
8.5,146.0
8.5,292.0
8.5,177.0
8.5,37.0
8.5,366.0
8.5,427.0
8.5,334.0
8.5,377.0
8.5,281.0
8.5,258.0
8.5,384.0
8.5,354.0
8.5,307.0
8.5,173.0
8.5,212.0
8.5,206.0
8.5,359.0
9.0,142.0
9.0,219.0
9.0,117.0
9.0,153.0
9.0,395.0
9.0,231.0
9.0,239.0
9.0,236.0
9.0,220.0
9.0,434.0
9.0,362.0
9.0,116.0
9.0,371.0
9.0,285.0
9.0,290.0
9.0,181.0
9.0,256.0
9.0,309.0
9.0,240.0
9.0,198.0
9.0,96.0
9.0,335.0
9.0,329.0
9.0,344.0
9.0,319.0
9.0,309.0
9.0,322.0
9.0,391.0
9.0,347.0
9.0,323.0
9.0,214.0
9.0,247.0
9.0,138.0
9.0,139.0
9.0,301.0
9.0,184.0
9.0,321.0
9.0,252.0
9.0,202.0
9.0,239.0
9.0,312.0
9.0,321.0
9.0,97.0
9.0,264.0
9.0,348.0
9.0,297.0
9.0,180.0
9.0,290.0
9.0,338.0
9.0,185.0
9.0,377.0
9.0,283.0
9.0,110.0
9.0,256.0
9.0,153.0
9.0,362.0
9.0,361.0
9.0,166.0
9.0,145.0
9.0,388.0
9.0,401.0
9.0,321.0
9.0,62.0
9.0,188.0
9.0,120.0
9.0,292.0
9.0,344.0
9.0,211.0
9.0,328.0
9.0,345.0
9.0,324.0
9.0,340.0
9.0,287.0
9.0,402.0
9.0,317.0
9.0,178.0
9.0,309.0
9.0,315.0
9.0,303.0
9.0,366.0
9.0,367.0
9.0,336.0
9.0,270.0
9.0,307.0
9.0,205.0
9.0,252.0
9.0,232.0
9.0,351.0
9.0,287.0
9.0,264.0
9.0,57.0
9.0,348.0
9.0,228.0
9.0,330.0
9.0,358.0
9.0,385.0
9.0,230.0
9.0,375.0
9.0,312.0
9.0,192.0
9.0,205.0
9.0,377.0
9.0,332.0
9.0,62.0
9.0,288.0
9.0,349.0
9.0,305.0
9.0,323.0
9.0,319.0
9.0,151.0
9.0,338.0
9.0,161.0
9.0,167.0
9.0,335.0
9.0,278.0
9.0,292.0
9.0,131.0
9.0,285.0
9.0,359.0
9.0,191.0
9.0,413.0
9.0,310.0
9.0,389.0
9.0,285.0
9.0,369.0
9.0,378.0
9.0,328.0
9.0,388.0
9.0,306.0
9.0,260.0
9.0,251.0
9.0,320.0
9.0,360.0
9.0,138.0
9.0,351.0
9.0,80.0
9.0,402.0
9.0,196.0
9.0,236.0
9.0,224.0
9.0,396.0
9.0,205.0
9.0,401.0
9.0,317.0
9.0,273.0
9.0,296.0
9.0,364.0
9.0,294.0
9.0,117.0
9.0,202.0
9.0,261.0
9.0,139.0
9.0,237.0
9.0,368.0
9.0,153.0
9.0,256.0
9.0,358.0
9.0,379.0
9.0,319.0
9.0,309.0
9.0,65.0
9.0,245.0
9.0,324.0
9.0,86.0
9.0,180.0
9.0,268.0
9.0,330.0
9.0,209.0
9.0,279.0
9.0,48.0
9.0,370.0
9.0,287.0
9.0,371.0
9.0,336.0
9.0,259.0
9.0,214.0
9.0,417.0
9.0,305.0
9.0,383.0
9.0,298.0
9.0,188.0
9.0,331.0
9.0,276.0
9.0,323.0
9.0,357.0
9.0,446.0
9.0,309.0
9.0,334.0
9.0,142.0
9.0,177.0
9.0,106.0
9.0,366.0
9.0,354.0
9.0,150.0
9.0,361.0
9.0,371.0
9.0,337.0
9.0,289.0
9.0,270.0
9.0,313.0
9.0,339.0
9.0,189.0
9.0,237.0
9.0,218.0
9.0,263.0
9.0,388.0
9.0,213.0
9.0,354.0
9.0,140.0
9.0,331.0
9.0,129.0
9.0,433.0
9.0,342.0
9.0,321.0
9.0,269.0
9.0,302.0
9.0,190.0
9.0,391.0
9.0,368.0
9.0,301.0
9.0,147.0
9.0,281.0
9.0,342.0
9.0,219.0
9.0,343.0
9.0,146.0
9.0,379.0
9.0,203.0
9.0,327.0
9.0,292.0
9.0,360.0
9.0,217.0
9.0,378.0
9.0,400.0
9.0,302.0
9.0,384.0
9.0,327.0
9.0,351.0
9.0,355.0
9.0,350.0
9.0,328.0
9.0,220.0
9.0,76.0
9.0,48.0
9.0,184.0
9.0,338.0
9.0,98.0
9.0,246.0
9.0,335.0
9.0,83.0
9.0,337.0
9.0,193.0
9.0,397.0
9.0,364.0
9.0,346.0
9.0,260.0
9.0,311.0
9.0,370.0
9.0,361.0
9.0,244.0
9.0,129.0
9.0,358.0
9.0,83.0
9.0,354.0
9.0,253.0
9.0,226.0
9.0,98.0
9.0,132.0
9.0,172.0
9.0,318.0
9.0,389.0
9.0,375.0
9.0,348.0
9.0,199.0
9.0,236.0
9.0,204.0
9.0,267.0
9.0,282.0
9.0,403.0
9.0,351.0
9.0,123.0
9.0,328.0
9.0,180.0
9.0,313.0
9.0,265.0
9.0,306.0
9.0,340.0
9.0,201.0
9.0,146.0
9.0,185.0
9.0,125.0
9.0,378.0
9.0,416.0
9.0,346.0
9.0,316.0
9.0,301.0
9.0,315.0
9.0,172.0
9.0,248.0
9.0,271.0
9.5,174.0
9.5,299.0
9.5,265.0
9.5,113.0
9.5,248.0
9.5,175.0
9.5,412.0
9.5,183.0
9.5,337.0
9.5,52.0
9.5,185.0
9.5,408.0
9.5,339.0
9.5,252.0
9.5,209.0
9.5,362.0
9.5,369.0
9.5,58.0
9.5,394.0
9.5,203.0
9.5,225.0
9.5,215.0
9.5,265.0
9.5,221.0
9.5,259.0
9.5,105.0
9.5,294.0
9.5,76.0
9.5,350.0
9.5,301.0
9.5,110.0
9.5,139.0
9.5,393.0
9.5,367.0
9.5,90.0
9.5,296.0
9.5,292.0
9.5,411.0
9.5,371.0
9.5,195.0
9.5,61.0
9.5,290.0
9.5,277.0
9.5,242.0
9.5,349.0
9.5,217.0
9.5,133.0
9.5,345.0
9.5,343.0
9.5,321.0
9.5,213.0
9.5,368.0
9.5,210.0
9.5,298.0
9.5,269.0
9.5,214.0
9.5,252.0
9.5,101.0
9.5,250.0
9.5,212.0
9.5,390.0
9.5,405.0
9.5,233.0
9.5,333.0
9.5,278.0
9.5,96.0
9.5,233.0
9.5,192.0
9.5,280.0
9.5,62.0
9.5,296.0
9.5,280.0
9.5,339.0
9.5,283.0
9.5,278.0
9.5,218.0
9.5,248.0
9.5,350.0
9.5,297.0
9.5,106.0
9.5,355.0
9.5,374.0
9.5,404.0
9.5,368.0
9.5,420.0
9.5,340.0
9.5,232.0
9.5,304.0
9.5,328.0
9.5,318.0
9.5,336.0
9.5,117.0
9.5,338.0
9.5,352.0
9.5,193.0
9.5,197.0
9.5,119.0
9.5,410.0
9.5,149.0
9.5,294.0
9.5,277.0
9.5,31.0
9.5,343.0
9.5,64.0
9.5,233.0
9.5,259.0
9.5,277.0
9.5,224.0
9.5,292.0
9.5,352.0
9.5,16.0
9.5,271.0
9.5,311.0
9.5,331.0
9.5,303.0
9.5,312.0
9.5,309.0
9.5,97.0
9.5,305.0
9.5,99.0
9.5,147.0
9.5,88.0
9.5,156.0
9.5,245.0
9.5,337.0
9.5,228.0
9.5,350.0
9.5,207.0
9.5,335.0
9.5,280.0
9.5,412.0
9.5,211.0
9.5,333.0
9.5,316.0
9.5,225.0
9.5,267.0
9.5,331.0
9.5,330.0
9.5,364.0
9.5,190.0
9.5,395.0
9.5,377.0
9.5,274.0
9.5,279.0
9.5,396.0
9.5,347.0
9.5,175.0
9.5,321.0
9.5,210.0
9.5,214.0
9.5,313.0
9.5,322.0
9.5,247.0
9.5,16.0
9.5,318.0
9.5,197.0
9.5,89.0
9.5,384.0
9.5,273.0
9.5,406.0
9.5,117.0
9.5,90.0
9.5,318.0
9.5,315.0
9.5,65.0
9.5,110.0
9.5,206.0
9.5,176.0
9.5,221.0
9.5,326.0
9.5,127.0
9.5,65.0
9.5,355.0
9.5,299.0
9.5,390.0
9.5,138.0
9.5,323.0
9.5,272.0
9.5,378.0
9.5,292.0
9.5,272.0
9.5,305.0
9.5,219.0
9.5,356.0
9.5,127.0
9.5,285.0
9.5,163.0
9.5,397.0
9.5,260.0
9.5,101.0
9.5,287.0
9.5,176.0
9.5,386.0
9.5,246.0
9.5,387.0
9.5,294.0
9.5,357.0
9.5,161.0
9.5,310.0
9.5,218.0
9.5,317.0
9.5,426.0
9.5,137.0
9.5,350.0
9.5,397.0
9.5,312.0
9.5,273.0
9.5,271.0
9.5,348.0
9.5,386.0
9.5,260.0
9.5,60.0
9.5,269.0
9.5,176.0
9.5,313.0
9.5,168.0
9.5,401.0
9.5,35.0
9.5,213.0
9.5,261.0
9.5,173.0
9.5,333.0
9.5,307.0
9.5,282.0
9.5,349.0
9.5,160.0
9.5,138.0
9.5,364.0
9.5,295.0
9.5,385.0
9.5,207.0
9.5,207.0
9.5,288.0
9.5,365.0
9.5,396.0
9.5,401.0
9.5,251.0
9.5,206.0
9.5,82.0
9.5,261.0
9.5,205.0
9.5,247.0
9.5,391.0
9.5,247.0
9.5,372.0
9.5,378.0
9.5,122.0
9.5,324.0
9.5,391.0
9.5,383.0
9.5,360.0
9.5,173.0
9.5,258.0
9.5,290.0
9.5,349.0
9.5,173.0
9.5,289.0
9.5,151.0
9.5,266.0
9.5,365.0
9.5,338.0
9.5,330.0
9.5,375.0
9.5,131.0
9.5,388.0
9.5,289.0
9.5,299.0
9.5,249.0
9.5,284.0
9.5,270.0
9.5,407.0
9.5,353.0
9.5,239.0
9.5,340.0
9.5,396.0
9.5,373.0
9.5,208.0
9.5,179.0
9.5,237.0
9.5,392.0
9.5,405.0
9.5,40.0
9.5,40.0
9.5,277.0
9.5,318.0
9.5,178.0
9.5,346.0
9.5,393.0
9.5,146.0
9.5,375.0
9.5,259.0
9.5,327.0
9.5,356.0
9.5,287.0
9.5,366.0
9.5,16.0
9.5,310.0
9.5,358.0
9.5,369.0
9.5,262.0
10.0,394.0
10.0,323.0
10.0,106.0
10.0,60.0
10.0,226.0
10.0,333.0
10.0,421.0
10.0,181.0
10.0,298.0
10.0,340.0
10.0,320.0
10.0,180.0
10.0,329.0
10.0,205.0
10.0,302.0
10.0,344.0
10.0,210.0
10.0,345.0
10.0,228.0
10.0,170.0
10.0,309.0
10.0,305.0
10.0,56.0
10.0,337.0
10.0,311.0
10.0,295.0
10.0,264.0
10.0,326.0
10.0,224.0
10.0,400.0
10.0,306.0
10.0,349.0
10.0,283.0
10.0,226.0
10.0,334.0
10.0,257.0
10.0,170.0
10.0,259.0
10.0,337.0
10.0,355.0
10.0,207.0
10.0,370.0
10.0,194.0
10.0,286.0
10.0,301.0
10.0,354.0
10.0,38.0
10.0,363.0
10.0,324.0
10.0,109.0
10.0,395.0
10.0,208.0
10.0,140.0
10.0,104.0
10.0,255.0
10.0,338.0
10.0,15.0
10.0,77.0
10.0,239.0
10.0,279.0
10.0,300.0
10.0,316.0
10.0,196.0
10.0,116.0
10.0,231.0
10.0,359.0
10.0,320.0
10.0,216.0
10.0,350.0
10.0,275.0
10.0,164.0
10.0,348.0
10.0,325.0
10.0,331.0
10.0,345.0
10.0,209.0
10.0,90.0
10.0,347.0
10.0,252.0
10.0,375.0
10.0,413.0
10.0,280.0
10.0,256.0
10.0,168.0
10.0,319.0
10.0,267.0
10.0,107.0
10.0,74.0
10.0,193.0
10.0,341.0
10.0,307.0
10.0,385.0
10.0,142.0
10.0,333.0
10.0,347.0
10.0,132.0
10.0,211.0
10.0,118.0
10.0,220.0
10.0,335.0
10.0,375.0
10.0,201.0
10.0,371.0
10.0,224.0
10.0,184.0
10.0,374.0
10.0,262.0
10.0,68.0
10.0,123.0
10.0,232.0
10.0,106.0
10.0,113.0
10.0,285.0
10.0,172.0
10.0,317.0
10.0,415.0
10.0,139.0
10.0,46.0
10.0,377.0
10.0,298.0
10.0,321.0
10.0,349.0
10.0,310.0
10.0,283.0
10.0,305.0
10.0,234.0
10.0,359.0
10.0,160.0
10.0,234.0
10.0,350.0
10.0,289.0
10.0,35.0
10.0,292.0
10.0,265.0
10.0,52.0
10.0,367.0
10.0,63.0
10.0,203.0
10.0,80.0
10.0,352.0
10.0,312.0
10.0,291.0
10.0,390.0
10.0,192.0
10.0,263.0
10.0,183.0
10.0,146.0
10.0,68.0
10.0,188.0
10.0,338.0
10.0,335.0
10.0,257.0
10.0,368.0
10.0,179.0
10.0,363.0
10.0,195.0
10.0,314.0
10.0,288.0
10.0,362.0
10.0,316.0
10.0,145.0
10.0,77.0
10.0,104.0
10.0,335.0
10.0,275.0
10.0,383.0
10.0,335.0
10.0,330.0
10.0,165.0
10.0,336.0
10.0,123.0
10.0,329.0
10.0,313.0
10.0,233.0
10.0,241.0
10.0,374.0
10.0,302.0
10.0,336.0
10.0,16.0
10.0,172.0
10.0,269.0
10.0,337.0
10.0,171.0
10.0,319.0
10.0,236.0
10.0,80.0
10.0,355.0
10.0,284.0
10.0,312.0
10.0,359.0
10.0,363.0
10.0,362.0
10.0,266.0
10.0,285.0
10.0,287.0
10.0,372.0
10.0,354.0
10.0,241.0
10.0,216.0
10.0,353.0
10.0,359.0
10.0,336.0
10.0,310.0
10.0,302.0
10.0,224.0
10.0,162.0
10.0,228.0
10.0,83.0
10.0,365.0
10.0,277.0
10.0,397.0
10.0,355.0
10.0,168.0
10.0,192.0
10.0,402.0
10.0,373.0
10.0,383.0
10.0,270.0
10.0,81.0
10.0,209.0
10.0,302.0
10.0,372.0
10.0,224.0
10.0,347.0
10.0,261.0
10.0,217.0
10.0,40.0
10.0,259.0
10.0,293.0
10.0,249.0
10.0,283.0
10.0,216.0
10.0,315.0
10.0,114.0
10.0,410.0
10.0,275.0
10.0,252.0
10.0,300.0
10.0,373.0
10.0,203.0
10.0,123.0
10.0,130.0
10.0,258.0
10.0,402.0
10.0,296.0
10.0,347.0
10.0,172.0
10.0,345.0
10.0,316.0
10.0,183.0
10.0,253.0
10.0,198.0
10.0,243.0
10.0,250.0
10.0,320.0
10.0,303.0
10.0,210.0
10.0,261.0
10.0,355.0
10.0,233.0
10.0,292.0
10.0,192.0
10.0,262.0
10.0,276.0
10.0,281.0
10.0,372.0
10.0,230.0
10.0,253.0
10.0,374.0
10.0,317.0
10.0,356.0
10.0,301.0
10.0,383.0
10.0,262.0
10.0,239.0
10.0,352.0
10.0,376.0
10.0,306.0
10.0,176.0
10.0,184.0
10.0,336.0
10.0,390.0
10.0,374.0
10.0,363.0
10.0,257.0
10.0,237.0
10.0,276.0
10.0,164.0
10.0,51.0
10.0,354.0
10.0,398.0
10.0,215.0
10.0,365.0
10.0,118.0
10.0,296.0
10.0,368.0
10.0,206.0
10.0,311.0
10.0,323.0
10.0,309.0
