times,counts_P,counts_R
0.5,2.0,9.0
0.5,1.0,6.0
0.5,0.0,8.0
0.5,3.0,20.0
0.5,1.0,7.0
0.5,1.0,7.0
0.5,1.0,5.0
0.5,1.0,8.0
0.5,1.0,7.0
0.5,5.0,7.0
0.5,4.0,8.0
0.5,3.0,9.0
0.5,0.0,7.0
0.5,1.0,4.0
0.5,2.0,9.0
0.5,1.0,10.0
0.5,0.0,9.0
0.5,1.0,7.0
0.5,2.0,7.0
0.5,1.0,16.0
0.5,0.0,6.0
0.5,4.0,14.0
0.5,1.0,8.0
0.5,3.0,8.0
0.5,1.0,4.0
0.5,5.0,7.0
0.5,3.0,6.0
0.5,5.0,10.0
0.5,5.0,9.0
0.5,2.0,6.0
0.5,3.0,7.0
0.5,2.0,6.0
0.5,1.0,9.0
0.5,4.0,13.0
0.5,0.0,3.0
0.5,0.0,10.0
0.5,3.0,8.0
0.5,2.0,8.0
0.5,1.0,5.0
0.5,1.0,6.0
0.5,1.0,10.0
0.5,1.0,7.0
0.5,4.0,14.0
0.5,2.0,5.0
0.5,1.0,9.0
0.5,1.0,10.0
0.5,2.0,14.0
0.5,1.0,8.0
0.5,1.0,5.0
0.5,1.0,5.0
0.5,6.0,13.0
0.5,1.0,6.0
0.5,2.0,11.0
0.5,1.0,8.0
0.5,2.0,12.0
0.5,0.0,5.0
0.5,4.0,4.0
0.5,5.0,12.0
0.5,2.0,8.0
0.5,3.0,9.0
0.5,2.0,13.0
0.5,2.0,8.0
0.5,2.0,4.0
0.5,5.0,12.0
0.5,3.0,8.0
0.5,2.0,10.0
0.5,1.0,8.0
0.5,1.0,5.0
0.5,4.0,9.0
0.5,2.0,11.0
0.5,2.0,6.0
0.5,2.0,5.0
0.5,1.0,7.0
0.5,6.0,8.0
0.5,6.0,9.0
0.5,1.0,7.0
0.5,4.0,9.0
0.5,1.0,2.0
0.5,2.0,7.0
0.5,2.0,13.0
0.5,0.0,6.0
0.5,6.0,17.0
0.5,2.0,8.0
0.5,1.0,7.0
0.5,0.0,9.0
0.5,5.0,11.0
0.5,4.0,11.0
0.5,0.0,4.0
0.5,4.0,6.0
0.5,2.0,4.0
0.5,1.0,8.0
0.5,2.0,2.0
0.5,4.0,9.0
0.5,2.0,6.0
0.5,3.0,9.0
0.5,0.0,6.0
0.5,1.0,4.0
0.5,1.0,12.0
0.5,3.0,12.0
0.5,4.0,6.0
0.5,1.0,8.0
0.5,1.0,7.0
0.5,4.0,9.0
0.5,1.0,9.0
0.5,3.0,7.0
0.5,0.0,6.0
0.5,1.0,6.0
0.5,1.0,8.0
0.5,1.0,4.0
0.5,2.0,6.0
0.5,1.0,5.0
0.5,0.0,7.0
0.5,1.0,13.0
0.5,0.0,8.0
0.5,0.0,4.0
0.5,1.0,7.0
0.5,6.0,7.0
0.5,0.0,5.0
0.5,0.0,3.0
0.5,1.0,7.0
0.5,0.0,10.0
0.5,2.0,7.0
0.5,5.0,10.0
0.5,1.0,8.0
0.5,0.0,6.0
0.5,0.0,4.0
0.5,1.0,6.0
0.5,1.0,9.0
0.5,2.0,7.0
0.5,0.0,8.0
0.5,4.0,5.0
0.5,0.0,6.0
0.5,0.0,8.0
0.5,2.0,8.0
0.5,1.0,5.0
0.5,3.0,7.0
0.5,1.0,7.0
0.5,6.0,9.0
0.5,2.0,9.0
0.5,0.0,5.0
0.5,3.0,8.0
0.5,0.0,9.0
0.5,3.0,12.0
0.5,1.0,9.0
0.5,3.0,10.0
0.5,3.0,6.0
0.5,1.0,9.0
0.5,4.0,12.0
0.5,4.0,7.0
0.5,1.0,6.0
0.5,2.0,7.0
0.5,2.0,12.0
0.5,2.0,10.0
0.5,0.0,3.0
0.5,2.0,6.0
0.5,3.0,8.0
0.5,7.0,14.0
0.5,0.0,5.0
0.5,6.0,8.0
0.5,4.0,8.0
0.5,2.0,9.0
0.5,1.0,7.0
0.5,6.0,16.0
0.5,4.0,11.0
0.5,0.0,5.0
0.5,4.0,10.0
0.5,3.0,5.0
0.5,4.0,10.0
0.5,3.0,5.0
0.5,3.0,4.0
0.5,3.0,5.0
0.5,1.0,6.0
0.5,3.0,6.0
0.5,2.0,9.0
0.5,2.0,8.0
0.5,2.0,7.0
0.5,2.0,6.0
0.5,3.0,9.0
0.5,2.0,6.0
0.5,4.0,12.0
0.5,7.0,11.0
0.5,5.0,9.0
0.5,3.0,10.0
0.5,0.0,8.0
0.5,3.0,7.0
0.5,1.0,10.0
0.5,4.0,9.0
0.5,5.0,6.0
0.5,4.0,7.0
0.5,2.0,8.0
0.5,6.0,11.0
0.5,1.0,8.0
0.5,2.0,5.0
0.5,2.0,8.0
0.5,0.0,5.0
0.5,4.0,11.0
0.5,2.0,5.0
0.5,2.0,12.0
0.5,3.0,12.0
0.5,2.0,2.0
0.5,1.0,7.0
0.5,0.0,9.0
0.5,1.0,6.0
0.5,2.0,5.0
0.5,0.0,11.0
0.5,2.0,6.0
0.5,4.0,11.0
0.5,4.0,6.0
0.5,3.0,12.0
0.5,1.0,4.0
0.5,0.0,6.0
0.5,0.0,4.0
0.5,0.0,9.0
0.5,2.0,8.0
0.5,2.0,4.0
0.5,0.0,4.0
0.5,0.0,4.0
0.5,0.0,7.0
0.5,2.0,13.0
0.5,0.0,9.0
0.5,2.0,5.0
0.5,1.0,7.0
0.5,1.0,10.0
0.5,3.0,9.0
0.5,1.0,11.0
0.5,2.0,11.0
0.5,4.0,11.0
0.5,5.0,7.0
0.5,1.0,9.0
0.5,3.0,7.0
0.5,2.0,10.0
0.5,4.0,7.0
0.5,2.0,9.0
0.5,1.0,7.0
0.5,2.0,8.0
0.5,2.0,8.0
0.5,3.0,8.0
0.5,2.0,6.0
0.5,1.0,7.0
0.5,2.0,3.0
0.5,2.0,7.0
0.5,2.0,6.0
0.5,2.0,7.0
0.5,1.0,5.0
0.5,1.0,7.0
0.5,2.0,10.0
0.5,0.0,7.0
0.5,0.0,2.0
0.5,0.0,5.0
0.5,2.0,7.0
0.5,3.0,5.0
0.5,3.0,7.0
0.5,2.0,11.0
0.5,2.0,6.0
0.5,0.0,8.0
0.5,6.0,10.0
0.5,0.0,7.0
0.5,2.0,4.0
0.5,0.0,2.0
0.5,5.0,4.0
0.5,2.0,4.0
0.5,1.0,9.0
0.5,1.0,9.0
0.5,3.0,9.0
0.5,2.0,5.0
0.5,0.0,6.0
0.5,2.0,8.0
0.5,0.0,7.0
0.5,1.0,6.0
0.5,4.0,9.0
0.5,6.0,11.0
0.5,0.0,5.0
0.5,2.0,7.0
0.5,2.0,6.0
0.5,4.0,14.0
0.5,3.0,11.0
0.5,0.0,9.0
0.5,1.0,4.0
0.5,3.0,10.0
0.5,0.0,4.0
0.5,6.0,5.0
0.5,3.0,8.0
0.5,3.0,9.0
0.5,3.0,11.0
0.5,2.0,4.0
0.5,5.0,7.0
0.5,0.0,6.0
0.5,2.0,4.0
0.5,3.0,7.0
0.5,8.0,12.0
0.5,2.0,9.0
0.5,3.0,8.0
0.5,2.0,6.0
0.5,2.0,6.0
0.5,5.0,12.0
0.5,3.0,6.0
0.5,0.0,6.0
0.5,3.0,6.0
0.5,2.0,11.0
0.5,1.0,9.0
1.0,9.0,17.0
1.0,8.0,14.0
1.0,5.0,13.0
1.0,7.0,12.0
1.0,4.0,15.0
1.0,13.0,14.0
1.0,4.0,3.0
1.0,6.0,10.0
1.0,8.0,10.0
1.0,5.0,10.0
1.0,7.0,18.0
1.0,9.0,19.0
1.0,4.0,6.0
1.0,8.0,10.0
1.0,5.0,21.0
1.0,4.0,11.0
1.0,9.0,16.0
1.0,7.0,9.0
1.0,7.0,15.0
1.0,3.0,6.0
1.0,5.0,8.0
1.0,6.0,19.0
1.0,11.0,12.0
1.0,3.0,13.0
1.0,4.0,7.0
1.0,5.0,11.0
1.0,10.0,9.0
1.0,6.0,14.0
1.0,5.0,13.0
1.0,4.0,5.0
1.0,4.0,11.0
1.0,6.0,14.0
1.0,8.0,12.0
1.0,8.0,17.0
1.0,1.0,8.0
1.0,4.0,12.0
1.0,2.0,8.0
1.0,2.0,12.0
1.0,6.0,6.0
1.0,11.0,17.0
1.0,2.0,5.0
1.0,1.0,9.0
1.0,7.0,13.0
1.0,10.0,12.0
1.0,7.0,14.0
1.0,5.0,9.0
1.0,8.0,16.0
1.0,2.0,13.0
1.0,9.0,11.0
1.0,7.0,12.0
1.0,5.0,7.0
1.0,4.0,15.0
1.0,8.0,12.0
1.0,7.0,12.0
1.0,13.0,15.0
1.0,3.0,4.0
1.0,9.0,14.0
1.0,9.0,14.0
1.0,7.0,14.0
1.0,9.0,9.0
1.0,7.0,16.0
1.0,10.0,7.0
1.0,4.0,11.0
1.0,8.0,7.0
1.0,8.0,10.0
1.0,10.0,7.0
1.0,0.0,12.0
1.0,10.0,14.0
1.0,13.0,20.0
1.0,10.0,12.0
1.0,2.0,10.0
1.0,6.0,12.0
1.0,6.0,14.0
1.0,7.0,15.0
1.0,9.0,8.0
1.0,4.0,15.0
1.0,3.0,17.0
1.0,5.0,8.0
1.0,13.0,20.0
1.0,5.0,20.0
1.0,10.0,8.0
1.0,10.0,13.0
1.0,8.0,13.0
1.0,8.0,8.0
1.0,6.0,5.0
1.0,5.0,13.0
1.0,6.0,7.0
1.0,7.0,9.0
1.0,7.0,11.0
1.0,5.0,5.0
1.0,6.0,15.0
1.0,7.0,14.0
1.0,2.0,10.0
1.0,7.0,15.0
1.0,6.0,20.0
1.0,9.0,14.0
1.0,4.0,12.0
1.0,15.0,13.0
1.0,4.0,9.0
1.0,6.0,9.0
1.0,6.0,11.0
1.0,7.0,12.0
1.0,11.0,16.0
1.0,3.0,6.0
1.0,6.0,14.0
1.0,1.0,9.0
1.0,7.0,4.0
1.0,10.0,9.0
1.0,8.0,15.0
1.0,1.0,4.0
1.0,5.0,10.0
1.0,15.0,9.0
1.0,8.0,12.0
1.0,6.0,11.0
1.0,11.0,12.0
1.0,10.0,7.0
1.0,4.0,8.0
1.0,9.0,10.0
1.0,5.0,16.0
1.0,7.0,7.0
1.0,8.0,16.0
1.0,7.0,10.0
1.0,5.0,5.0
1.0,4.0,10.0
1.0,5.0,9.0
1.0,8.0,9.0
1.0,13.0,19.0
1.0,5.0,7.0
1.0,3.0,12.0
1.0,10.0,12.0
1.0,9.0,6.0
1.0,11.0,18.0
1.0,8.0,15.0
1.0,12.0,5.0
1.0,4.0,12.0
1.0,1.0,10.0
1.0,10.0,13.0
1.0,4.0,11.0
1.0,11.0,20.0
1.0,11.0,13.0
1.0,7.0,15.0
1.0,7.0,13.0
1.0,6.0,11.0
1.0,8.0,15.0
1.0,10.0,12.0
1.0,8.0,9.0
1.0,2.0,12.0
1.0,8.0,15.0
1.0,3.0,10.0
1.0,5.0,13.0
1.0,5.0,14.0
1.0,5.0,7.0
1.0,10.0,7.0
1.0,7.0,8.0
1.0,2.0,5.0
1.0,3.0,7.0
1.0,6.0,13.0
1.0,7.0,11.0
1.0,7.0,11.0
1.0,12.0,12.0
1.0,5.0,9.0
1.0,10.0,12.0
1.0,5.0,15.0
1.0,8.0,16.0
1.0,6.0,8.0
1.0,8.0,13.0
1.0,4.0,7.0
1.0,12.0,11.0
1.0,10.0,16.0
1.0,10.0,13.0
1.0,6.0,7.0
1.0,8.0,13.0
1.0,4.0,5.0
1.0,11.0,14.0
1.0,9.0,11.0
1.0,5.0,8.0
1.0,7.0,22.0
1.0,5.0,11.0
1.0,5.0,10.0
1.0,8.0,14.0
1.0,4.0,7.0
1.0,3.0,11.0
1.0,6.0,15.0
1.0,9.0,18.0
1.0,15.0,12.0
1.0,8.0,7.0
1.0,9.0,7.0
1.0,13.0,11.0
1.0,4.0,9.0
1.0,12.0,15.0
1.0,9.0,10.0
1.0,7.0,10.0
1.0,5.0,14.0
1.0,11.0,9.0
1.0,9.0,14.0
1.0,2.0,12.0
1.0,4.0,2.0
1.0,4.0,15.0
1.0,2.0,10.0
1.0,8.0,11.0
1.0,8.0,15.0
1.0,18.0,21.0
1.0,15.0,17.0
1.0,5.0,13.0
1.0,2.0,8.0
1.0,1.0,12.0
1.0,2.0,13.0
1.0,9.0,9.0
1.0,7.0,12.0
1.0,3.0,14.0
1.0,6.0,11.0
1.0,8.0,12.0
1.0,8.0,14.0
1.0,6.0,14.0
1.0,4.0,13.0
1.0,5.0,11.0
1.0,8.0,10.0
1.0,8.0,13.0
1.0,2.0,8.0
1.0,5.0,2.0
1.0,6.0,5.0
1.0,13.0,13.0
1.0,10.0,11.0
1.0,6.0,17.0
1.0,3.0,23.0
1.0,5.0,10.0
1.0,4.0,10.0
1.0,8.0,13.0
1.0,5.0,15.0
1.0,3.0,17.0
1.0,9.0,9.0
1.0,3.0,9.0
1.0,11.0,8.0
1.0,4.0,9.0
1.0,7.0,12.0
1.0,9.0,12.0
1.0,8.0,20.0
1.0,4.0,16.0
1.0,5.0,10.0
1.0,7.0,14.0
1.0,9.0,9.0
1.0,7.0,9.0
1.0,2.0,14.0
1.0,10.0,18.0
1.0,3.0,9.0
1.0,3.0,3.0
1.0,4.0,13.0
1.0,1.0,2.0
1.0,8.0,18.0
1.0,17.0,24.0
1.0,9.0,15.0
1.0,9.0,9.0
1.0,5.0,5.0
1.0,16.0,10.0
1.0,5.0,4.0
1.0,2.0,8.0
1.0,7.0,8.0
1.0,8.0,16.0
1.0,8.0,14.0
1.0,5.0,12.0
1.0,7.0,9.0
1.0,6.0,11.0
1.0,8.0,13.0
1.0,13.0,16.0
1.0,4.0,11.0
1.0,8.0,15.0
1.0,6.0,10.0
1.0,7.0,14.0
1.0,2.0,2.0
1.0,4.0,10.0
1.0,8.0,12.0
1.0,2.0,13.0
1.0,4.0,5.0
1.0,6.0,15.0
1.0,7.0,16.0
1.0,5.0,10.0
1.0,10.0,15.0
1.0,10.0,13.0
1.0,12.0,11.0
1.0,7.0,12.0
1.0,3.0,6.0
1.0,4.0,16.0
1.0,7.0,15.0
1.0,7.0,16.0
1.0,6.0,12.0
1.0,16.0,18.0
1.0,7.0,16.0
1.0,3.0,10.0
1.0,13.0,21.0
1.0,6.0,16.0
1.0,6.0,9.0
1.0,5.0,16.0
1.0,4.0,12.0
1.0,10.0,8.0
1.0,8.0,15.0
1.0,7.0,14.0
1.0,7.0,6.0
1.0,9.0,10.0
1.0,6.0,10.0
1.0,5.0,15.0
1.5,15.0,14.0
1.5,6.0,7.0
1.5,31.0,15.0
1.5,8.0,4.0
1.5,11.0,16.0
1.5,14.0,10.0
1.5,18.0,23.0
1.5,22.0,21.0
1.5,7.0,13.0
1.5,2.0,2.0
1.5,10.0,9.0
1.5,13.0,9.0
1.5,13.0,16.0
1.5,7.0,6.0
1.5,10.0,13.0
1.5,25.0,21.0
1.5,14.0,9.0
1.5,3.0,1.0
1.5,8.0,15.0
1.5,16.0,15.0
1.5,20.0,11.0
1.5,16.0,14.0
1.5,12.0,14.0
1.5,15.0,15.0
1.5,7.0,4.0
1.5,10.0,19.0
1.5,13.0,16.0
1.5,18.0,20.0
1.5,22.0,10.0
1.5,2.0,10.0
1.5,11.0,14.0
1.5,2.0,5.0
1.5,10.0,11.0
1.5,8.0,9.0
1.5,12.0,6.0
1.5,9.0,3.0
1.5,19.0,15.0
1.5,6.0,12.0
1.5,18.0,11.0
1.5,10.0,12.0
1.5,14.0,8.0
1.5,15.0,12.0
1.5,5.0,4.0
1.5,19.0,17.0
1.5,13.0,17.0
1.5,9.0,19.0
1.5,14.0,12.0
1.5,11.0,12.0
1.5,16.0,4.0
1.5,7.0,3.0
1.5,20.0,19.0
1.5,14.0,14.0
1.5,11.0,13.0
1.5,15.0,7.0
1.5,17.0,17.0
1.5,15.0,25.0
1.5,13.0,10.0
1.5,12.0,10.0
1.5,10.0,4.0
1.5,4.0,7.0
1.5,20.0,14.0
1.5,11.0,13.0
1.5,11.0,15.0
1.5,14.0,14.0
1.5,10.0,9.0
1.5,11.0,5.0
1.5,12.0,21.0
1.5,8.0,8.0
1.5,8.0,14.0
1.5,10.0,16.0
1.5,8.0,4.0
1.5,11.0,17.0
1.5,12.0,5.0
1.5,4.0,4.0
1.5,3.0,4.0
1.5,9.0,6.0
1.5,16.0,21.0
1.5,17.0,5.0
1.5,11.0,4.0
1.5,13.0,11.0
1.5,12.0,20.0
1.5,19.0,14.0
1.5,20.0,15.0
1.5,14.0,16.0
1.5,9.0,7.0
1.5,16.0,17.0
1.5,12.0,12.0
1.5,13.0,8.0
1.5,12.0,11.0
1.5,7.0,12.0
1.5,13.0,11.0
1.5,14.0,15.0
1.5,6.0,5.0
1.5,12.0,14.0
1.5,21.0,27.0
1.5,13.0,8.0
1.5,19.0,15.0
1.5,11.0,2.0
1.5,10.0,10.0
1.5,5.0,2.0
1.5,17.0,5.0
1.5,8.0,4.0
1.5,11.0,16.0
1.5,9.0,3.0
1.5,7.0,10.0
1.5,20.0,13.0
1.5,6.0,14.0
1.5,9.0,15.0
1.5,10.0,15.0
1.5,11.0,15.0
1.5,10.0,17.0
1.5,10.0,9.0
1.5,17.0,21.0
1.5,11.0,10.0
1.5,17.0,9.0
1.5,6.0,17.0
1.5,12.0,18.0
1.5,12.0,8.0
1.5,4.0,8.0
1.5,17.0,16.0
1.5,13.0,11.0
1.5,16.0,18.0
1.5,7.0,12.0
1.5,12.0,12.0
1.5,29.0,14.0
1.5,11.0,15.0
1.5,11.0,11.0
1.5,9.0,17.0
1.5,12.0,17.0
1.5,5.0,10.0
1.5,10.0,15.0
1.5,7.0,6.0
1.5,8.0,13.0
1.5,10.0,9.0
1.5,15.0,14.0
1.5,11.0,14.0
1.5,12.0,13.0
1.5,6.0,3.0
1.5,23.0,15.0
1.5,11.0,4.0
1.5,26.0,18.0
1.5,22.0,11.0
1.5,10.0,16.0
1.5,22.0,10.0
1.5,20.0,14.0
1.5,14.0,17.0
1.5,14.0,11.0
1.5,10.0,5.0
1.5,10.0,11.0
1.5,9.0,13.0
1.5,8.0,14.0
1.5,13.0,14.0
1.5,14.0,11.0
1.5,14.0,15.0
1.5,6.0,9.0
1.5,7.0,3.0
1.5,4.0,6.0
1.5,7.0,2.0
1.5,13.0,10.0
1.5,14.0,2.0
1.5,17.0,23.0
1.5,13.0,16.0
1.5,14.0,19.0
1.5,15.0,11.0
1.5,14.0,14.0
1.5,6.0,8.0
1.5,11.0,20.0
1.5,9.0,11.0
1.5,15.0,14.0
1.5,9.0,12.0
1.5,15.0,18.0
1.5,11.0,10.0
1.5,11.0,8.0
1.5,14.0,20.0
1.5,8.0,11.0
1.5,17.0,6.0
1.5,8.0,5.0
1.5,11.0,12.0
1.5,13.0,24.0
1.5,6.0,8.0
1.5,11.0,8.0
1.5,12.0,6.0
1.5,16.0,14.0
1.5,5.0,3.0
1.5,17.0,15.0
1.5,12.0,17.0
1.5,14.0,9.0
1.5,18.0,10.0
1.5,12.0,13.0
1.5,21.0,11.0
1.5,9.0,14.0
1.5,6.0,12.0
1.5,9.0,13.0
1.5,14.0,19.0
1.5,9.0,14.0
1.5,13.0,19.0
1.5,15.0,13.0
1.5,5.0,9.0
1.5,18.0,17.0
1.5,17.0,14.0
1.5,15.0,14.0
1.5,4.0,7.0
1.5,9.0,16.0
1.5,11.0,4.0
1.5,15.0,12.0
1.5,10.0,11.0
1.5,9.0,12.0
1.5,15.0,16.0
1.5,8.0,1.0
1.5,9.0,20.0
1.5,10.0,11.0
1.5,12.0,4.0
1.5,13.0,15.0
1.5,13.0,21.0
1.5,9.0,18.0
1.5,12.0,18.0
1.5,12.0,15.0
1.5,11.0,16.0
1.5,12.0,14.0
1.5,11.0,13.0
1.5,22.0,10.0
1.5,6.0,7.0
1.5,14.0,23.0
1.5,5.0,2.0
1.5,23.0,10.0
1.5,13.0,6.0
1.5,7.0,12.0
1.5,12.0,7.0
1.5,12.0,12.0
1.5,11.0,8.0
1.5,7.0,12.0
1.5,17.0,13.0
1.5,12.0,13.0
1.5,7.0,0.0
1.5,14.0,19.0
1.5,14.0,15.0
1.5,9.0,8.0
1.5,13.0,13.0
1.5,13.0,14.0
1.5,10.0,14.0
1.5,12.0,8.0
1.5,12.0,14.0
1.5,18.0,11.0
1.5,11.0,4.0
1.5,13.0,10.0
1.5,12.0,12.0
1.5,15.0,14.0
1.5,4.0,12.0
1.5,9.0,13.0
1.5,16.0,9.0
1.5,11.0,20.0
1.5,10.0,4.0
1.5,9.0,15.0
1.5,10.0,4.0
1.5,7.0,3.0
1.5,4.0,6.0
1.5,13.0,11.0
1.5,7.0,6.0
1.5,18.0,20.0
1.5,9.0,7.0
1.5,15.0,18.0
1.5,22.0,20.0
1.5,11.0,15.0
1.5,16.0,14.0
1.5,16.0,9.0
1.5,15.0,9.0
1.5,18.0,17.0
1.5,10.0,13.0
1.5,14.0,4.0
1.5,12.0,7.0
1.5,6.0,6.0
1.5,4.0,2.0
1.5,21.0,15.0
1.5,13.0,10.0
1.5,11.0,12.0
1.5,8.0,11.0
1.5,9.0,15.0
1.5,27.0,15.0
1.5,14.0,7.0
1.5,13.0,12.0
1.5,6.0,15.0
1.5,9.0,15.0
1.5,11.0,6.0
1.5,8.0,10.0
1.5,3.0,9.0
1.5,11.0,6.0
1.5,10.0,14.0
1.5,12.0,13.0
1.5,7.0,11.0
1.5,15.0,9.0
1.5,3.0,3.0
1.5,17.0,14.0
1.5,17.0,17.0
1.5,7.0,10.0
1.5,18.0,16.0
1.5,13.0,13.0
1.5,17.0,15.0
1.5,11.0,9.0
1.5,13.0,6.0
1.5,21.0,15.0
2.0,20.0,8.0
2.0,26.0,23.0
2.0,15.0,3.0
2.0,7.0,3.0
2.0,13.0,1.0
2.0,18.0,16.0
2.0,15.0,11.0
2.0,13.0,5.0
2.0,14.0,6.0
2.0,23.0,20.0
2.0,22.0,10.0
2.0,17.0,3.0
2.0,23.0,14.0
2.0,12.0,10.0
2.0,5.0,1.0
2.0,21.0,22.0
2.0,19.0,15.0
2.0,9.0,6.0
2.0,15.0,14.0
2.0,26.0,15.0
2.0,18.0,10.0
2.0,19.0,15.0
2.0,19.0,6.0
2.0,15.0,19.0
2.0,16.0,8.0
2.0,10.0,1.0
2.0,20.0,12.0
2.0,6.0,1.0
2.0,22.0,8.0
2.0,14.0,9.0
2.0,20.0,9.0
2.0,16.0,12.0
2.0,22.0,5.0
2.0,28.0,11.0
2.0,22.0,12.0
2.0,19.0,8.0
2.0,16.0,16.0
2.0,16.0,12.0
2.0,13.0,20.0
2.0,10.0,8.0
2.0,26.0,23.0
2.0,12.0,13.0
2.0,20.0,9.0
2.0,20.0,10.0
2.0,16.0,6.0
2.0,15.0,8.0
2.0,2.0,2.0
2.0,16.0,12.0
2.0,21.0,6.0
2.0,25.0,12.0
2.0,17.0,14.0
2.0,21.0,16.0
2.0,12.0,1.0
2.0,14.0,2.0
2.0,32.0,15.0
2.0,18.0,3.0
2.0,16.0,2.0
2.0,16.0,9.0
2.0,12.0,7.0
2.0,22.0,10.0
2.0,25.0,10.0
2.0,9.0,3.0
2.0,12.0,10.0
2.0,23.0,6.0
2.0,18.0,13.0
2.0,11.0,9.0
2.0,13.0,6.0
2.0,16.0,13.0
2.0,17.0,7.0
2.0,11.0,4.0
2.0,12.0,2.0
2.0,6.0,6.0
2.0,13.0,6.0
2.0,22.0,3.0
2.0,25.0,13.0
2.0,23.0,10.0
2.0,19.0,11.0
2.0,8.0,10.0
2.0,16.0,10.0
2.0,20.0,5.0
2.0,22.0,12.0
2.0,18.0,3.0
2.0,12.0,8.0
2.0,19.0,13.0
2.0,12.0,6.0
2.0,0.0,0.0
2.0,13.0,8.0
2.0,19.0,13.0
2.0,33.0,17.0
2.0,26.0,10.0
2.0,33.0,25.0
2.0,8.0,6.0
2.0,18.0,14.0
2.0,17.0,4.0
2.0,19.0,6.0
2.0,22.0,11.0
2.0,22.0,8.0
2.0,28.0,13.0
2.0,21.0,3.0
2.0,12.0,5.0
2.0,22.0,24.0
2.0,23.0,8.0
2.0,37.0,20.0
2.0,22.0,14.0
2.0,16.0,7.0
2.0,21.0,18.0
2.0,17.0,13.0
2.0,19.0,19.0
2.0,8.0,4.0
2.0,19.0,18.0
2.0,20.0,16.0
2.0,13.0,11.0
2.0,20.0,15.0
2.0,22.0,7.0
2.0,9.0,3.0
2.0,17.0,8.0
2.0,13.0,19.0
2.0,19.0,19.0
2.0,12.0,2.0
2.0,8.0,8.0
2.0,15.0,22.0
2.0,9.0,3.0
2.0,26.0,22.0
2.0,2.0,0.0
2.0,11.0,3.0
2.0,16.0,19.0
2.0,14.0,14.0
2.0,12.0,4.0
2.0,13.0,9.0
2.0,20.0,13.0
2.0,7.0,3.0
2.0,9.0,2.0
2.0,8.0,3.0
2.0,21.0,9.0
2.0,2.0,3.0
2.0,21.0,19.0
2.0,17.0,5.0
2.0,15.0,4.0
2.0,15.0,6.0
2.0,18.0,10.0
2.0,28.0,18.0
2.0,21.0,10.0
2.0,18.0,9.0
2.0,28.0,17.0
2.0,9.0,3.0
2.0,12.0,5.0
2.0,17.0,10.0
2.0,6.0,5.0
2.0,6.0,1.0
2.0,20.0,10.0
2.0,15.0,3.0
2.0,4.0,13.0
2.0,23.0,19.0
2.0,15.0,21.0
2.0,11.0,8.0
2.0,18.0,17.0
2.0,9.0,3.0
2.0,8.0,3.0
2.0,18.0,11.0
2.0,21.0,18.0
2.0,3.0,2.0
2.0,19.0,13.0
2.0,22.0,16.0
2.0,19.0,7.0
2.0,29.0,23.0
2.0,6.0,3.0
2.0,22.0,25.0
2.0,11.0,11.0
2.0,22.0,12.0
2.0,19.0,20.0
2.0,5.0,14.0
2.0,18.0,8.0
2.0,16.0,18.0
2.0,12.0,10.0
2.0,17.0,12.0
2.0,21.0,19.0
2.0,18.0,12.0
2.0,22.0,14.0
2.0,5.0,2.0
2.0,9.0,4.0
2.0,13.0,6.0
2.0,13.0,4.0
2.0,27.0,19.0
2.0,9.0,4.0
2.0,14.0,8.0
2.0,13.0,9.0
2.0,10.0,4.0
2.0,31.0,24.0
2.0,3.0,1.0
2.0,15.0,11.0
2.0,16.0,4.0
2.0,30.0,11.0
2.0,17.0,15.0
2.0,19.0,7.0
2.0,22.0,13.0
2.0,24.0,21.0
2.0,5.0,2.0
2.0,16.0,18.0
2.0,7.0,4.0
2.0,6.0,1.0
2.0,9.0,12.0
2.0,7.0,3.0
2.0,8.0,4.0
2.0,27.0,11.0
2.0,8.0,19.0
2.0,24.0,24.0
2.0,28.0,20.0
2.0,18.0,3.0
2.0,17.0,6.0
2.0,16.0,15.0
2.0,10.0,3.0
2.0,8.0,2.0
2.0,22.0,6.0
2.0,23.0,9.0
2.0,10.0,2.0
2.0,12.0,16.0
2.0,17.0,16.0
2.0,17.0,5.0
2.0,19.0,22.0
2.0,31.0,11.0
2.0,13.0,11.0
2.0,19.0,9.0
2.0,5.0,1.0
2.0,22.0,18.0
2.0,10.0,1.0
2.0,15.0,5.0
2.0,18.0,10.0
2.0,3.0,1.0
2.0,20.0,15.0
2.0,18.0,18.0
2.0,21.0,9.0
2.0,15.0,4.0
2.0,9.0,1.0
2.0,16.0,22.0
2.0,16.0,7.0
2.0,15.0,12.0
2.0,12.0,5.0
2.0,15.0,17.0
2.0,14.0,12.0
2.0,8.0,1.0
2.0,11.0,4.0
2.0,18.0,17.0
2.0,20.0,12.0
2.0,20.0,10.0
2.0,17.0,3.0
2.0,22.0,6.0
2.0,17.0,13.0
2.0,23.0,5.0
2.0,15.0,3.0
2.0,16.0,11.0
2.0,7.0,2.0
2.0,17.0,5.0
2.0,14.0,3.0
2.0,26.0,16.0
2.0,21.0,10.0
2.0,5.0,12.0
2.0,6.0,0.0
2.0,15.0,12.0
2.0,20.0,11.0
2.0,11.0,5.0
2.0,20.0,8.0
2.0,17.0,8.0
2.0,18.0,4.0
2.0,11.0,12.0
2.0,18.0,6.0
2.0,13.0,5.0
2.0,17.0,9.0
2.0,11.0,2.0
2.0,4.0,5.0
2.0,21.0,9.0
2.0,19.0,3.0
2.0,21.0,6.0
2.0,25.0,15.0
2.0,18.0,5.0
2.0,1.0,0.0
2.0,13.0,4.0
2.0,19.0,19.0
2.0,17.0,8.0
2.0,7.0,2.0
2.0,9.0,8.0
2.0,18.0,17.0
2.0,23.0,25.0
2.0,20.0,6.0
2.0,15.0,7.0
2.0,13.0,2.0
2.0,11.0,18.0
2.0,13.0,7.0
2.0,17.0,11.0
2.0,16.0,5.0
2.0,4.0,1.0
2.0,22.0,23.0
2.0,16.0,8.0
2.0,7.0,3.0
2.0,18.0,7.0
2.0,23.0,23.0
2.0,21.0,4.0
2.0,18.0,7.0
2.0,11.0,15.0
2.0,16.0,8.0
2.0,25.0,13.0
2.5,18.0,15.0
2.5,16.0,2.0
2.5,27.0,5.0
2.5,18.0,9.0
2.5,22.0,12.0
2.5,19.0,2.0
2.5,19.0,10.0
2.5,20.0,6.0
2.5,11.0,1.0
2.5,13.0,5.0
2.5,20.0,9.0
2.5,18.0,2.0
2.5,21.0,23.0
2.5,14.0,1.0
2.5,10.0,1.0
2.5,27.0,11.0
2.5,18.0,4.0
2.5,24.0,2.0
2.5,25.0,12.0
2.5,15.0,2.0
2.5,10.0,3.0
2.5,20.0,5.0
2.5,37.0,17.0
2.5,24.0,10.0
2.5,18.0,8.0
2.5,29.0,6.0
2.5,13.0,2.0
2.5,27.0,11.0
2.5,17.0,6.0
2.5,20.0,10.0
2.5,35.0,22.0
2.5,27.0,17.0
2.5,23.0,6.0
2.5,15.0,1.0
2.5,30.0,10.0
2.5,22.0,7.0
2.5,16.0,9.0
2.5,10.0,3.0
2.5,20.0,3.0
2.5,4.0,0.0
2.5,24.0,4.0
2.5,26.0,5.0
2.5,20.0,6.0
2.5,15.0,1.0
2.5,2.0,0.0
2.5,14.0,6.0
2.5,16.0,2.0
2.5,17.0,2.0
2.5,15.0,5.0
2.5,24.0,4.0
2.5,19.0,6.0
2.5,14.0,3.0
2.5,11.0,2.0
2.5,21.0,8.0
2.5,23.0,6.0
2.5,29.0,12.0
2.5,41.0,14.0
2.5,21.0,2.0
2.5,24.0,10.0
2.5,34.0,8.0
2.5,24.0,7.0
2.5,18.0,2.0
2.5,9.0,4.0
2.5,26.0,9.0
2.5,23.0,2.0
2.5,22.0,7.0
2.5,9.0,4.0
2.5,19.0,3.0
2.5,24.0,5.0
2.5,8.0,1.0
2.5,32.0,16.0
2.5,18.0,5.0
2.5,22.0,3.0
2.5,27.0,12.0
2.5,33.0,12.0
2.5,22.0,6.0
2.5,12.0,1.0
2.5,20.0,9.0
2.5,12.0,1.0
2.5,35.0,14.0
2.5,35.0,20.0
2.5,17.0,3.0
2.5,23.0,14.0
2.5,20.0,9.0
2.5,20.0,3.0
2.5,21.0,18.0
2.5,8.0,4.0
2.5,24.0,10.0
2.5,12.0,2.0
2.5,25.0,4.0
2.5,25.0,18.0
2.5,5.0,1.0
2.5,33.0,7.0
2.5,5.0,1.0
2.5,20.0,11.0
2.5,20.0,21.0
2.5,19.0,6.0
2.5,32.0,15.0
2.5,17.0,8.0
2.5,17.0,11.0
2.5,28.0,3.0
2.5,12.0,3.0
2.5,16.0,3.0
2.5,28.0,10.0
2.5,22.0,11.0
2.5,30.0,15.0
2.5,22.0,10.0
2.5,8.0,2.0
2.5,12.0,1.0
2.5,32.0,11.0
2.5,15.0,3.0
2.5,19.0,6.0
2.5,16.0,2.0
2.5,7.0,0.0
2.5,14.0,2.0
2.5,17.0,3.0
2.5,18.0,7.0
2.5,19.0,8.0
2.5,17.0,3.0
2.5,34.0,15.0
2.5,23.0,5.0
2.5,29.0,12.0
2.5,26.0,4.0
2.5,13.0,5.0
2.5,31.0,7.0
2.5,23.0,20.0
2.5,17.0,4.0
2.5,25.0,6.0
2.5,14.0,1.0
2.5,23.0,5.0
2.5,22.0,5.0
2.5,29.0,5.0
2.5,28.0,8.0
2.5,22.0,11.0
2.5,10.0,1.0
2.5,10.0,3.0
2.5,20.0,7.0
2.5,18.0,5.0
2.5,15.0,4.0
2.5,25.0,14.0
2.5,26.0,8.0
2.5,27.0,20.0
2.5,22.0,15.0
2.5,25.0,13.0
2.5,27.0,10.0
2.5,11.0,6.0
2.5,22.0,9.0
2.5,12.0,4.0
2.5,11.0,2.0
2.5,27.0,10.0
2.5,15.0,7.0
2.5,6.0,0.0
2.5,12.0,2.0
2.5,26.0,14.0
2.5,31.0,10.0
2.5,19.0,13.0
2.5,25.0,5.0
2.5,20.0,13.0
2.5,22.0,14.0
2.5,19.0,14.0
2.5,16.0,8.0
2.5,11.0,12.0
2.5,22.0,5.0
2.5,14.0,13.0
2.5,25.0,3.0
2.5,39.0,11.0
2.5,23.0,4.0
2.5,9.0,2.0
2.5,23.0,3.0
2.5,22.0,2.0
2.5,23.0,4.0
2.5,25.0,13.0
2.5,15.0,4.0
2.5,15.0,4.0
2.5,13.0,4.0
2.5,23.0,2.0
2.5,20.0,2.0
2.5,13.0,2.0
2.5,12.0,1.0
2.5,23.0,20.0
2.5,13.0,9.0
2.5,38.0,16.0
2.5,36.0,18.0
2.5,13.0,4.0
2.5,17.0,7.0
2.5,22.0,5.0
2.5,32.0,12.0
2.5,14.0,4.0
2.5,21.0,3.0
2.5,7.0,1.0
2.5,12.0,2.0
2.5,13.0,4.0
2.5,18.0,3.0
2.5,23.0,1.0
2.5,19.0,3.0
2.5,22.0,0.0
2.5,11.0,0.0
2.5,12.0,1.0
2.5,8.0,3.0
2.5,26.0,8.0
2.5,20.0,7.0
2.5,13.0,9.0
2.5,7.0,2.0
2.5,5.0,0.0
2.5,24.0,5.0
2.5,10.0,2.0
2.5,9.0,0.0
2.5,23.0,23.0
2.5,24.0,9.0
2.5,13.0,4.0
2.5,21.0,11.0
2.5,23.0,10.0
2.5,5.0,2.0
2.5,28.0,14.0
2.5,28.0,7.0
2.5,15.0,4.0
2.5,14.0,6.0
2.5,16.0,2.0
2.5,7.0,2.0
2.5,7.0,5.0
2.5,17.0,3.0
2.5,18.0,16.0
2.5,10.0,3.0
2.5,18.0,7.0
2.5,31.0,15.0
2.5,40.0,18.0
2.5,24.0,17.0
2.5,13.0,3.0
2.5,17.0,7.0
2.5,24.0,6.0
2.5,11.0,1.0
2.5,19.0,17.0
2.5,19.0,5.0
2.5,16.0,4.0
2.5,38.0,10.0
2.5,6.0,0.0
2.5,29.0,8.0
2.5,12.0,4.0
2.5,18.0,3.0
2.5,20.0,5.0
2.5,14.0,5.0
2.5,17.0,4.0
2.5,21.0,7.0
2.5,22.0,11.0
2.5,9.0,0.0
2.5,18.0,10.0
2.5,22.0,5.0
2.5,18.0,6.0
2.5,18.0,3.0
2.5,25.0,16.0
2.5,13.0,2.0
2.5,4.0,0.0
2.5,35.0,11.0
2.5,26.0,8.0
2.5,9.0,2.0
2.5,20.0,7.0
2.5,18.0,7.0
2.5,5.0,1.0
2.5,26.0,20.0
2.5,20.0,14.0
2.5,16.0,3.0
2.5,22.0,12.0
2.5,20.0,19.0
2.5,25.0,7.0
2.5,19.0,19.0
2.5,22.0,14.0
2.5,38.0,6.0
2.5,11.0,1.0
2.5,17.0,8.0
2.5,11.0,4.0
2.5,14.0,3.0
2.5,22.0,6.0
2.5,25.0,15.0
2.5,30.0,4.0
2.5,19.0,4.0
2.5,26.0,6.0
2.5,14.0,15.0
2.5,10.0,7.0
2.5,17.0,4.0
2.5,13.0,5.0
2.5,15.0,5.0
2.5,12.0,5.0
2.5,35.0,8.0
2.5,24.0,3.0
2.5,21.0,9.0
2.5,8.0,0.0
2.5,4.0,0.0
2.5,15.0,3.0
2.5,12.0,11.0
2.5,10.0,0.0
2.5,19.0,5.0
2.5,38.0,11.0
2.5,26.0,27.0
2.5,25.0,3.0
2.5,24.0,14.0
2.5,16.0,3.0
2.5,17.0,15.0
2.5,28.0,17.0
2.5,29.0,4.0
2.5,16.0,3.0
3.0,2.0,0.0
3.0,29.0,9.0
3.0,30.0,11.0
3.0,12.0,2.0
3.0,30.0,11.0
3.0,23.0,5.0
3.0,29.0,7.0
3.0,25.0,4.0
3.0,18.0,5.0
3.0,19.0,3.0
3.0,40.0,10.0
3.0,33.0,9.0
3.0,30.0,10.0
3.0,9.0,1.0
3.0,25.0,1.0
3.0,42.0,10.0
3.0,34.0,8.0
3.0,16.0,5.0
3.0,23.0,4.0
3.0,31.0,7.0
3.0,31.0,4.0
3.0,22.0,1.0
3.0,17.0,2.0
3.0,22.0,2.0
3.0,39.0,3.0
3.0,22.0,2.0
3.0,2.0,0.0
3.0,20.0,15.0
3.0,26.0,5.0
3.0,30.0,2.0
3.0,24.0,4.0
3.0,15.0,0.0
3.0,20.0,7.0
3.0,23.0,3.0
3.0,25.0,6.0
3.0,13.0,2.0
3.0,19.0,3.0
3.0,24.0,10.0
3.0,21.0,2.0
3.0,27.0,2.0
3.0,26.0,6.0
3.0,11.0,0.0
3.0,36.0,3.0
3.0,28.0,19.0
3.0,25.0,4.0
3.0,20.0,3.0
3.0,33.0,14.0
3.0,15.0,6.0
3.0,11.0,1.0
3.0,20.0,6.0
3.0,6.0,0.0
3.0,31.0,7.0
3.0,10.0,0.0
3.0,20.0,3.0
3.0,34.0,4.0
3.0,10.0,2.0
3.0,29.0,6.0
3.0,21.0,1.0
3.0,26.0,3.0
3.0,22.0,7.0
3.0,14.0,4.0
3.0,32.0,17.0
3.0,18.0,1.0
3.0,11.0,1.0
3.0,30.0,5.0
3.0,5.0,0.0
3.0,30.0,9.0
3.0,26.0,6.0
3.0,10.0,0.0
3.0,24.0,2.0
3.0,20.0,3.0
3.0,21.0,3.0
3.0,26.0,8.0
3.0,23.0,15.0
3.0,9.0,1.0
3.0,23.0,19.0
3.0,19.0,3.0
3.0,15.0,11.0
3.0,12.0,0.0
3.0,12.0,1.0
3.0,27.0,4.0
3.0,20.0,4.0
3.0,20.0,0.0
3.0,22.0,5.0
3.0,30.0,10.0
3.0,30.0,4.0
3.0,29.0,19.0
3.0,32.0,13.0
3.0,13.0,5.0
3.0,25.0,7.0
3.0,25.0,8.0
3.0,39.0,8.0
3.0,28.0,5.0
3.0,21.0,15.0
3.0,11.0,1.0
3.0,20.0,5.0
3.0,47.0,6.0
3.0,12.0,1.0
3.0,33.0,7.0
3.0,20.0,3.0
3.0,19.0,2.0
3.0,11.0,1.0
3.0,36.0,7.0
3.0,35.0,9.0
3.0,42.0,15.0
3.0,11.0,4.0
3.0,14.0,2.0
3.0,37.0,16.0
3.0,20.0,3.0
3.0,30.0,7.0
3.0,40.0,5.0
3.0,23.0,3.0
3.0,33.0,6.0
3.0,20.0,9.0
3.0,14.0,3.0
3.0,27.0,8.0
3.0,7.0,0.0
3.0,23.0,6.0
3.0,10.0,0.0
3.0,33.0,6.0
3.0,19.0,2.0
3.0,33.0,3.0
3.0,5.0,0.0
3.0,14.0,3.0
3.0,32.0,7.0
3.0,19.0,1.0
3.0,20.0,6.0
3.0,5.0,0.0
3.0,27.0,5.0
3.0,14.0,3.0
3.0,23.0,1.0
3.0,13.0,0.0
3.0,27.0,8.0
3.0,17.0,5.0
3.0,22.0,8.0
3.0,26.0,4.0
3.0,25.0,6.0
3.0,16.0,1.0
3.0,13.0,4.0
3.0,25.0,5.0
3.0,22.0,6.0
3.0,33.0,7.0
3.0,34.0,8.0
3.0,11.0,0.0
3.0,15.0,3.0
3.0,10.0,1.0
3.0,27.0,11.0
3.0,30.0,9.0
3.0,22.0,1.0
3.0,18.0,3.0
3.0,25.0,2.0
3.0,23.0,1.0
3.0,17.0,4.0
3.0,37.0,4.0
3.0,17.0,4.0
3.0,17.0,10.0
3.0,16.0,3.0
3.0,9.0,3.0
3.0,15.0,3.0
3.0,26.0,6.0
3.0,39.0,4.0
3.0,6.0,0.0
3.0,35.0,9.0
3.0,31.0,10.0
3.0,29.0,6.0
3.0,7.0,2.0
3.0,19.0,4.0
3.0,24.0,3.0
3.0,13.0,2.0
3.0,27.0,6.0
3.0,19.0,2.0
3.0,29.0,7.0
3.0,26.0,6.0
3.0,18.0,0.0
3.0,29.0,8.0
3.0,29.0,4.0
3.0,32.0,5.0
3.0,24.0,20.0
3.0,30.0,8.0
3.0,34.0,10.0
3.0,25.0,7.0
3.0,22.0,2.0
3.0,15.0,3.0
3.0,16.0,1.0
3.0,11.0,1.0
3.0,14.0,2.0
3.0,16.0,2.0
3.0,16.0,4.0
3.0,13.0,0.0
3.0,11.0,2.0
3.0,10.0,0.0
3.0,34.0,5.0
3.0,8.0,0.0
3.0,15.0,4.0
3.0,13.0,1.0
3.0,5.0,1.0
3.0,19.0,0.0
3.0,28.0,9.0
3.0,29.0,11.0
3.0,35.0,4.0
3.0,21.0,4.0
3.0,14.0,1.0
3.0,23.0,10.0
3.0,38.0,8.0
3.0,31.0,9.0
3.0,15.0,4.0
3.0,21.0,3.0
3.0,25.0,6.0
3.0,9.0,0.0
3.0,18.0,3.0
3.0,20.0,3.0
3.0,16.0,2.0
3.0,37.0,16.0
3.0,7.0,2.0
3.0,43.0,15.0
3.0,33.0,10.0
3.0,14.0,2.0
3.0,31.0,7.0
3.0,32.0,11.0
3.0,20.0,7.0
3.0,28.0,5.0
3.0,35.0,5.0
3.0,31.0,7.0
3.0,8.0,1.0
3.0,36.0,7.0
3.0,11.0,0.0
3.0,9.0,1.0
3.0,38.0,14.0
3.0,24.0,18.0
3.0,24.0,7.0
3.0,17.0,2.0
3.0,26.0,4.0
3.0,8.0,1.0
3.0,19.0,2.0
3.0,15.0,1.0
3.0,9.0,1.0
3.0,18.0,2.0
3.0,18.0,6.0
3.0,55.0,24.0
3.0,18.0,6.0
3.0,17.0,2.0
3.0,22.0,3.0
3.0,20.0,7.0
3.0,23.0,4.0
3.0,26.0,3.0
3.0,6.0,1.0
3.0,12.0,4.0
3.0,18.0,4.0
3.0,30.0,5.0
3.0,20.0,2.0
3.0,1.0,1.0
3.0,28.0,7.0
3.0,27.0,6.0
3.0,8.0,1.0
3.0,10.0,1.0
3.0,20.0,11.0
3.0,18.0,5.0
3.0,34.0,10.0
3.0,26.0,3.0
3.0,10.0,1.0
3.0,37.0,9.0
3.0,17.0,3.0
3.0,13.0,1.0
3.0,8.0,1.0
3.0,28.0,9.0
3.0,28.0,10.0
3.0,18.0,3.0
3.0,18.0,4.0
3.0,24.0,6.0
3.0,31.0,8.0
3.0,16.0,0.0
3.0,24.0,9.0
3.0,25.0,6.0
3.0,17.0,1.0
3.0,18.0,11.0
3.0,11.0,1.0
3.0,13.0,1.0
3.0,30.0,16.0
3.0,20.0,4.0
3.0,23.0,7.0
3.0,19.0,1.0
3.0,26.0,6.0
3.0,19.0,8.0
3.0,35.0,19.0
3.0,13.0,5.0
3.0,19.0,2.0
3.0,25.0,13.0
3.0,29.0,2.0
3.0,19.0,15.0
3.0,13.0,3.0
3.0,15.0,0.0
3.0,17.0,2.0
3.0,30.0,10.0
3.0,25.0,4.0
3.0,32.0,8.0
3.0,40.0,6.0
3.0,17.0,1.0
3.0,28.0,11.0
3.0,20.0,1.0
3.0,22.0,2.0
3.5,4.0,1.0
3.5,29.0,16.0
3.5,18.0,0.0
3.5,21.0,1.0
3.5,28.0,5.0
3.5,26.0,5.0
3.5,28.0,3.0
3.5,24.0,2.0
3.5,20.0,3.0
3.5,42.0,8.0
3.5,11.0,1.0
3.5,10.0,0.0
3.5,6.0,0.0
3.5,21.0,2.0
3.5,48.0,10.0
3.5,5.0,0.0
3.5,21.0,2.0
3.5,14.0,0.0
3.5,28.0,6.0
3.5,4.0,0.0
3.5,33.0,10.0
3.5,29.0,5.0
3.5,18.0,0.0
3.5,28.0,2.0
3.5,26.0,4.0
3.5,38.0,4.0
3.5,14.0,1.0
3.5,32.0,4.0
3.5,26.0,2.0
3.5,15.0,2.0
3.5,27.0,3.0
3.5,35.0,7.0
3.5,19.0,0.0
3.5,24.0,6.0
3.5,29.0,4.0
3.5,3.0,0.0
3.5,23.0,2.0
3.5,20.0,1.0
3.5,21.0,2.0
3.5,13.0,2.0
3.5,28.0,4.0
3.5,21.0,2.0
3.5,25.0,3.0
3.5,37.0,3.0
3.5,28.0,5.0
3.5,21.0,1.0
3.5,23.0,2.0
3.5,3.0,0.0
3.5,24.0,4.0
3.5,41.0,13.0
3.5,44.0,6.0
3.5,14.0,2.0
3.5,14.0,1.0
3.5,10.0,0.0
3.5,17.0,4.0
3.5,24.0,2.0
3.5,8.0,0.0
3.5,1.0,0.0
3.5,9.0,0.0
3.5,16.0,3.0
3.5,29.0,1.0
3.5,20.0,0.0
3.5,38.0,4.0
3.5,34.0,3.0
3.5,17.0,1.0
3.5,27.0,2.0
3.5,5.0,0.0
3.5,37.0,6.0
3.5,30.0,2.0
3.5,25.0,6.0
3.5,4.0,0.0
3.5,28.0,1.0
3.5,38.0,6.0
3.5,9.0,0.0
3.5,29.0,4.0
3.5,3.0,1.0
3.5,30.0,5.0
3.5,20.0,4.0
3.5,15.0,1.0
3.5,16.0,2.0
3.5,18.0,1.0
3.5,18.0,3.0
3.5,29.0,3.0
3.5,23.0,3.0
3.5,20.0,2.0
3.5,36.0,14.0
3.5,40.0,10.0
3.5,22.0,4.0
3.5,23.0,0.0
3.5,28.0,4.0
3.5,28.0,12.0
3.5,23.0,4.0
3.5,32.0,3.0
3.5,29.0,2.0
3.5,9.0,0.0
3.5,19.0,2.0
3.5,4.0,1.0
3.5,34.0,3.0
3.5,36.0,6.0
3.5,21.0,3.0
3.5,25.0,7.0
3.5,11.0,0.0
3.5,22.0,2.0
3.5,16.0,1.0
3.5,20.0,0.0
3.5,24.0,3.0
3.5,30.0,6.0
3.5,18.0,1.0
3.5,25.0,3.0
3.5,15.0,0.0
3.5,33.0,2.0
3.5,17.0,1.0
3.5,17.0,1.0
3.5,14.0,4.0
3.5,22.0,1.0
3.5,18.0,3.0
3.5,49.0,14.0
3.5,25.0,3.0
3.5,20.0,1.0
3.5,19.0,9.0
3.5,28.0,1.0
3.5,8.0,1.0
3.5,36.0,4.0
3.5,8.0,1.0
3.5,14.0,1.0
3.5,9.0,0.0
3.5,16.0,3.0
3.5,19.0,2.0
3.5,10.0,1.0
3.5,43.0,11.0
3.5,30.0,2.0
3.5,17.0,1.0
3.5,29.0,4.0
3.5,47.0,9.0
3.5,20.0,2.0
3.5,19.0,3.0
3.5,25.0,11.0
3.5,24.0,4.0
3.5,11.0,0.0
3.5,18.0,3.0
3.5,22.0,3.0
3.5,18.0,1.0
3.5,19.0,2.0
3.5,11.0,1.0
3.5,4.0,1.0
3.5,13.0,2.0
3.5,20.0,2.0
3.5,19.0,0.0
3.5,23.0,2.0
3.5,13.0,1.0
3.5,19.0,9.0
3.5,28.0,3.0
3.5,20.0,2.0
3.5,20.0,2.0
3.5,28.0,2.0
3.5,12.0,1.0
3.5,30.0,1.0
3.5,7.0,0.0
3.5,31.0,5.0
3.5,33.0,6.0
3.5,27.0,7.0
3.5,25.0,6.0
3.5,17.0,1.0
3.5,6.0,0.0
3.5,15.0,1.0
3.5,19.0,2.0
3.5,15.0,2.0
3.5,21.0,1.0
3.5,22.0,2.0
3.5,20.0,1.0
3.5,25.0,6.0
3.5,18.0,1.0
3.5,17.0,2.0
3.5,17.0,1.0
3.5,14.0,1.0
3.5,20.0,1.0
3.5,10.0,0.0
3.5,16.0,2.0
3.5,7.0,0.0
3.5,19.0,5.0
3.5,14.0,1.0
3.5,22.0,5.0
3.5,30.0,7.0
3.5,17.0,1.0
3.5,22.0,2.0
3.5,23.0,4.0
3.5,20.0,4.0
3.5,57.0,15.0
3.5,38.0,11.0
3.5,32.0,5.0
3.5,19.0,1.0
3.5,33.0,12.0
3.5,38.0,6.0
3.5,22.0,2.0
3.5,53.0,10.0
3.5,11.0,0.0
3.5,22.0,4.0
3.5,36.0,7.0
3.5,14.0,3.0
3.5,38.0,3.0
3.5,36.0,7.0
3.5,17.0,0.0
3.5,16.0,1.0
3.5,27.0,3.0
3.5,19.0,0.0
3.5,21.0,2.0
3.5,23.0,1.0
3.5,14.0,1.0
3.5,10.0,2.0
3.5,17.0,1.0
3.5,24.0,4.0
3.5,25.0,2.0
3.5,32.0,4.0
3.5,31.0,5.0
3.5,5.0,0.0
3.5,20.0,1.0
3.5,22.0,0.0
3.5,15.0,2.0
3.5,30.0,4.0
3.5,3.0,0.0
3.5,23.0,2.0
3.5,21.0,2.0
3.5,21.0,0.0
3.5,31.0,5.0
3.5,20.0,1.0
3.5,37.0,2.0
3.5,17.0,1.0
3.5,27.0,4.0
3.5,19.0,1.0
3.5,5.0,0.0
3.5,13.0,0.0
3.5,11.0,0.0
3.5,30.0,0.0
3.5,14.0,5.0
3.5,27.0,8.0
3.5,12.0,0.0
3.5,21.0,1.0
3.5,41.0,16.0
3.5,14.0,1.0
3.5,8.0,0.0
3.5,29.0,7.0
3.5,21.0,2.0
3.5,37.0,4.0
3.5,11.0,0.0
3.5,18.0,1.0
3.5,0.0,0.0
3.5,25.0,3.0
3.5,13.0,1.0
3.5,9.0,0.0
3.5,7.0,1.0
3.5,32.0,4.0
3.5,34.0,6.0
3.5,23.0,4.0
3.5,2.0,0.0
3.5,3.0,2.0
3.5,24.0,2.0
3.5,8.0,1.0
3.5,15.0,3.0
3.5,42.0,7.0
3.5,4.0,0.0
3.5,15.0,2.0
3.5,17.0,1.0
3.5,32.0,6.0
3.5,36.0,4.0
3.5,9.0,0.0
3.5,3.0,0.0
3.5,39.0,13.0
3.5,31.0,3.0
3.5,7.0,0.0
3.5,39.0,10.0
3.5,24.0,4.0
3.5,38.0,3.0
3.5,51.0,8.0
3.5,29.0,6.0
3.5,29.0,5.0
3.5,29.0,4.0
3.5,6.0,1.0
3.5,28.0,4.0
3.5,12.0,1.0
3.5,20.0,4.0
3.5,9.0,0.0
3.5,33.0,7.0
3.5,34.0,12.0
3.5,11.0,0.0
3.5,27.0,5.0
3.5,20.0,0.0
3.5,18.0,2.0
3.5,8.0,1.0
3.5,9.0,1.0
3.5,29.0,8.0
3.5,34.0,7.0
3.5,27.0,1.0
3.5,24.0,9.0
3.5,29.0,3.0
3.5,39.0,6.0
3.5,8.0,0.0
3.5,21.0,3.0
3.5,21.0,3.0
3.5,70.0,12.0
3.5,6.0,0.0
4.0,37.0,3.0
4.0,16.0,2.0
4.0,11.0,0.0
4.0,41.0,5.0
4.0,2.0,0.0
4.0,17.0,1.0
4.0,17.0,1.0
4.0,23.0,3.0
4.0,32.0,1.0
4.0,28.0,2.0
4.0,21.0,2.0
4.0,24.0,6.0
4.0,38.0,1.0
4.0,15.0,0.0
4.0,13.0,11.0
4.0,10.0,0.0
4.0,26.0,3.0
4.0,24.0,1.0
4.0,16.0,0.0
4.0,25.0,2.0
4.0,13.0,0.0
4.0,35.0,4.0
4.0,27.0,2.0
4.0,26.0,3.0
4.0,33.0,3.0
4.0,26.0,0.0
4.0,28.0,2.0
4.0,32.0,2.0
4.0,35.0,1.0
4.0,15.0,16.0
4.0,10.0,0.0
4.0,25.0,1.0
4.0,36.0,3.0
4.0,38.0,6.0
4.0,24.0,1.0
4.0,19.0,3.0
4.0,54.0,5.0
4.0,29.0,3.0
4.0,18.0,2.0
4.0,28.0,3.0
4.0,9.0,1.0
4.0,23.0,4.0
4.0,31.0,3.0
4.0,16.0,5.0
4.0,19.0,0.0
4.0,43.0,7.0
4.0,32.0,6.0
4.0,13.0,1.0
4.0,16.0,0.0
4.0,28.0,3.0
4.0,22.0,4.0
4.0,17.0,0.0
4.0,3.0,0.0
4.0,35.0,3.0
4.0,15.0,1.0
4.0,24.0,4.0
4.0,14.0,0.0
4.0,27.0,2.0
4.0,25.0,1.0
4.0,16.0,1.0
4.0,18.0,1.0
4.0,15.0,0.0
4.0,17.0,2.0
4.0,6.0,0.0
4.0,20.0,1.0
4.0,7.0,0.0
4.0,33.0,3.0
4.0,13.0,1.0
4.0,10.0,0.0
4.0,43.0,3.0
4.0,18.0,0.0
4.0,30.0,10.0
4.0,31.0,3.0
4.0,22.0,1.0
4.0,12.0,1.0
4.0,8.0,0.0
4.0,29.0,1.0
4.0,15.0,2.0
4.0,20.0,7.0
4.0,13.0,0.0
4.0,27.0,1.0
4.0,12.0,1.0
4.0,33.0,2.0
4.0,7.0,0.0
4.0,32.0,2.0
4.0,22.0,1.0
4.0,24.0,4.0
4.0,30.0,1.0
4.0,20.0,2.0
4.0,7.0,1.0
4.0,20.0,2.0
4.0,52.0,6.0
4.0,28.0,0.0
4.0,17.0,0.0
4.0,40.0,3.0
4.0,8.0,0.0
4.0,28.0,5.0
4.0,4.0,0.0
4.0,23.0,3.0
4.0,26.0,3.0
4.0,30.0,4.0
4.0,15.0,0.0
4.0,7.0,1.0
4.0,19.0,3.0
4.0,23.0,0.0
4.0,14.0,1.0
4.0,27.0,3.0
4.0,20.0,3.0
4.0,9.0,0.0
4.0,10.0,1.0
4.0,11.0,0.0
4.0,12.0,1.0
4.0,19.0,1.0
4.0,25.0,0.0
4.0,15.0,0.0
4.0,8.0,0.0
4.0,38.0,8.0
4.0,27.0,1.0
4.0,11.0,0.0
4.0,13.0,0.0
4.0,11.0,1.0
4.0,30.0,4.0
4.0,14.0,0.0
4.0,28.0,0.0
4.0,37.0,2.0
4.0,18.0,2.0
4.0,5.0,0.0
4.0,17.0,1.0
4.0,32.0,3.0
4.0,20.0,0.0
4.0,17.0,2.0
4.0,36.0,1.0
4.0,18.0,1.0
4.0,14.0,0.0
4.0,17.0,1.0
4.0,13.0,0.0
4.0,18.0,0.0
4.0,8.0,1.0
4.0,3.0,0.0
4.0,23.0,0.0
4.0,6.0,0.0
4.0,8.0,0.0
4.0,28.0,5.0
4.0,30.0,2.0
4.0,28.0,0.0
4.0,20.0,2.0
4.0,10.0,0.0
4.0,42.0,5.0
4.0,31.0,2.0
4.0,15.0,1.0
4.0,28.0,0.0
4.0,16.0,1.0
4.0,33.0,2.0
4.0,33.0,1.0
4.0,41.0,8.0
4.0,24.0,1.0
4.0,15.0,0.0
4.0,33.0,1.0
4.0,17.0,1.0
4.0,32.0,6.0
4.0,14.0,0.0
4.0,24.0,0.0
4.0,45.0,6.0
4.0,30.0,3.0
4.0,21.0,1.0
4.0,30.0,0.0
4.0,25.0,0.0
4.0,17.0,0.0
4.0,7.0,1.0
4.0,23.0,2.0
4.0,13.0,0.0
4.0,41.0,2.0
4.0,21.0,0.0
4.0,3.0,0.0
4.0,17.0,2.0
4.0,27.0,0.0
4.0,29.0,6.0
4.0,19.0,0.0
4.0,21.0,0.0
4.0,17.0,0.0
4.0,39.0,5.0
4.0,12.0,0.0
4.0,22.0,0.0
4.0,14.0,0.0
4.0,17.0,2.0
4.0,20.0,1.0
4.0,44.0,1.0
4.0,3.0,0.0
4.0,2.0,0.0
4.0,37.0,4.0
4.0,36.0,3.0
4.0,26.0,2.0
4.0,9.0,0.0
4.0,27.0,2.0
4.0,20.0,0.0
4.0,19.0,0.0
4.0,35.0,4.0
4.0,37.0,4.0
4.0,18.0,1.0
4.0,15.0,1.0
4.0,24.0,2.0
4.0,37.0,2.0
4.0,33.0,8.0
4.0,30.0,4.0
4.0,12.0,1.0
4.0,24.0,2.0
4.0,14.0,0.0
4.0,24.0,19.0
4.0,34.0,9.0
4.0,20.0,1.0
4.0,22.0,1.0
4.0,11.0,3.0
4.0,30.0,1.0
4.0,30.0,3.0
4.0,16.0,9.0
4.0,5.0,0.0
4.0,20.0,3.0
4.0,8.0,0.0
4.0,25.0,2.0
4.0,43.0,4.0
4.0,23.0,0.0
4.0,15.0,0.0
4.0,23.0,2.0
4.0,16.0,0.0
4.0,30.0,1.0
4.0,35.0,7.0
4.0,21.0,0.0
4.0,25.0,3.0
4.0,28.0,3.0
4.0,12.0,0.0
4.0,15.0,0.0
4.0,36.0,13.0
4.0,10.0,0.0
4.0,30.0,2.0
4.0,32.0,2.0
4.0,32.0,18.0
4.0,12.0,0.0
4.0,25.0,0.0
4.0,22.0,3.0
4.0,23.0,6.0
4.0,11.0,2.0
4.0,21.0,2.0
4.0,18.0,2.0
4.0,30.0,5.0
4.0,46.0,5.0
4.0,15.0,2.0
4.0,17.0,1.0
4.0,20.0,1.0
4.0,28.0,2.0
4.0,32.0,1.0
4.0,30.0,3.0
4.0,19.0,1.0
4.0,49.0,4.0
4.0,33.0,12.0
4.0,31.0,2.0
4.0,38.0,6.0
4.0,20.0,4.0
4.0,25.0,4.0
4.0,33.0,7.0
4.0,25.0,3.0
4.0,46.0,0.0
4.0,29.0,2.0
4.0,26.0,4.0
4.0,8.0,0.0
4.0,14.0,0.0
4.0,16.0,2.0
4.0,22.0,2.0
4.0,36.0,5.0
4.0,16.0,3.0
4.0,23.0,3.0
4.0,30.0,2.0
4.0,28.0,3.0
4.0,56.0,3.0
4.0,29.0,1.0
4.0,22.0,4.0
4.0,40.0,3.0
4.0,44.0,6.0
4.0,20.0,1.0
4.0,13.0,2.0
4.0,21.0,0.0
4.0,10.0,0.0
4.0,49.0,3.0
4.0,26.0,1.0
4.0,16.0,4.0
4.0,7.0,0.0
4.0,34.0,0.0
4.0,33.0,5.0
4.0,41.0,3.0
4.0,20.0,2.0
4.0,20.0,2.0
4.0,36.0,5.0
4.0,31.0,6.0
4.0,17.0,0.0
4.0,33.0,5.0
4.0,40.0,4.0
4.0,37.0,2.0
4.0,7.0,0.0
4.0,26.0,4.0
4.0,11.0,0.0
4.0,9.0,0.0
4.5,31.0,0.0
4.5,5.0,1.0
4.5,21.0,1.0
4.5,10.0,0.0
4.5,30.0,2.0
4.5,24.0,1.0
4.5,24.0,1.0
4.5,30.0,5.0
4.5,34.0,1.0
4.5,3.0,1.0
4.5,42.0,2.0
4.5,38.0,2.0
4.5,27.0,3.0
4.5,43.0,9.0
4.5,35.0,2.0
4.5,27.0,1.0
4.5,11.0,0.0
4.5,17.0,0.0
4.5,35.0,0.0
4.5,3.0,0.0
4.5,25.0,0.0
4.5,17.0,0.0
4.5,29.0,3.0
4.5,27.0,3.0
4.5,11.0,0.0
4.5,7.0,0.0
4.5,8.0,0.0
4.5,21.0,1.0
4.5,13.0,0.0
4.5,23.0,1.0
4.5,22.0,0.0
4.5,26.0,2.0
4.5,24.0,2.0
4.5,18.0,0.0
4.5,39.0,2.0
4.5,30.0,1.0
4.5,41.0,3.0
4.5,28.0,1.0
4.5,21.0,0.0
4.5,9.0,0.0
4.5,15.0,0.0
4.5,9.0,0.0
4.5,20.0,0.0
4.5,29.0,4.0
4.5,16.0,0.0
4.5,13.0,0.0
4.5,19.0,0.0
4.5,30.0,1.0
4.5,41.0,3.0
4.5,25.0,1.0
4.5,30.0,3.0
4.5,44.0,3.0
4.5,20.0,0.0
4.5,23.0,0.0
4.5,34.0,5.0
4.5,43.0,1.0
4.5,6.0,0.0
4.5,21.0,1.0
4.5,24.0,0.0
4.5,26.0,3.0
4.5,24.0,4.0
4.5,40.0,5.0
4.5,36.0,2.0
4.5,28.0,1.0
4.5,17.0,1.0
4.5,19.0,1.0
4.5,40.0,3.0
4.5,19.0,2.0
4.5,18.0,0.0
4.5,16.0,0.0
4.5,26.0,10.0
4.5,12.0,0.0
4.5,17.0,0.0
4.5,14.0,5.0
4.5,35.0,3.0
4.5,28.0,2.0
4.5,21.0,0.0
4.5,10.0,1.0
4.5,20.0,0.0
4.5,27.0,7.0
4.5,31.0,4.0
4.5,13.0,0.0
4.5,13.0,0.0
4.5,25.0,1.0
4.5,47.0,4.0
4.5,27.0,2.0
4.5,20.0,0.0
4.5,16.0,1.0
4.5,30.0,0.0
4.5,34.0,7.0
4.5,32.0,0.0
4.5,16.0,0.0
4.5,16.0,1.0
4.5,35.0,2.0
4.5,26.0,1.0
4.5,40.0,1.0
4.5,18.0,0.0
4.5,16.0,1.0
4.5,17.0,1.0
4.5,34.0,7.0
4.5,20.0,1.0
4.5,20.0,0.0
4.5,35.0,2.0
4.5,14.0,1.0
4.5,26.0,2.0
4.5,28.0,2.0
4.5,30.0,4.0
4.5,32.0,3.0
4.5,23.0,1.0
4.5,12.0,3.0
4.5,12.0,0.0
4.5,14.0,0.0
4.5,19.0,1.0
4.5,15.0,0.0
4.5,18.0,0.0
4.5,5.0,1.0
4.5,18.0,2.0
4.5,3.0,0.0
4.5,11.0,0.0
4.5,14.0,1.0
4.5,14.0,0.0
4.5,20.0,1.0
4.5,2.0,0.0
4.5,23.0,1.0
4.5,22.0,3.0
4.5,37.0,2.0
4.5,29.0,4.0
4.5,34.0,0.0
4.5,34.0,1.0
4.5,9.0,0.0
4.5,14.0,0.0
4.5,24.0,0.0
4.5,39.0,3.0
4.5,32.0,0.0
4.5,31.0,0.0
4.5,6.0,0.0
4.5,1.0,0.0
4.5,5.0,1.0
4.5,28.0,0.0
4.5,50.0,10.0
4.5,46.0,6.0
4.5,17.0,0.0
4.5,14.0,1.0
4.5,33.0,2.0
4.5,8.0,0.0
4.5,10.0,0.0
4.5,40.0,5.0
4.5,34.0,3.0
4.5,18.0,8.0
4.5,16.0,0.0
4.5,18.0,1.0
4.5,14.0,0.0
4.5,31.0,1.0
4.5,18.0,0.0
4.5,41.0,4.0
4.5,5.0,0.0
4.5,11.0,1.0
4.5,40.0,4.0
4.5,4.0,0.0
4.5,5.0,0.0
4.5,39.0,0.0
4.5,26.0,3.0
4.5,29.0,1.0
4.5,20.0,0.0
4.5,12.0,0.0
4.5,8.0,0.0
4.5,8.0,0.0
4.5,22.0,3.0
4.5,8.0,0.0
4.5,9.0,1.0
4.5,20.0,1.0
4.5,24.0,1.0
4.5,41.0,3.0
4.5,26.0,2.0
4.5,34.0,5.0
4.5,26.0,2.0
4.5,21.0,0.0
4.5,30.0,0.0
4.5,21.0,1.0
4.5,18.0,0.0
4.5,19.0,1.0
4.5,20.0,1.0
4.5,29.0,1.0
4.5,25.0,1.0
4.5,41.0,1.0
4.5,23.0,2.0
4.5,45.0,4.0
4.5,12.0,0.0
4.5,25.0,0.0
4.5,10.0,0.0
4.5,33.0,2.0
4.5,27.0,0.0
4.5,20.0,1.0
4.5,36.0,8.0
4.5,44.0,2.0
4.5,18.0,0.0
4.5,10.0,0.0
4.5,27.0,2.0
4.5,5.0,0.0
4.5,7.0,0.0
4.5,50.0,0.0
4.5,36.0,1.0
4.5,7.0,0.0
4.5,19.0,0.0
4.5,7.0,0.0
4.5,15.0,0.0
4.5,26.0,0.0
4.5,43.0,2.0
4.5,13.0,0.0
4.5,20.0,1.0
4.5,11.0,0.0
4.5,42.0,4.0
4.5,36.0,2.0
4.5,18.0,0.0
4.5,39.0,5.0
4.5,12.0,0.0
4.5,13.0,0.0
4.5,45.0,2.0
4.5,32.0,1.0
4.5,3.0,0.0
4.5,18.0,0.0
4.5,24.0,0.0
4.5,37.0,1.0
4.5,11.0,0.0
4.5,21.0,7.0
4.5,29.0,2.0
4.5,14.0,0.0
4.5,40.0,5.0
4.5,27.0,0.0
4.5,31.0,16.0
4.5,13.0,0.0
4.5,27.0,2.0
4.5,10.0,0.0
4.5,41.0,2.0
4.5,18.0,1.0
4.5,7.0,0.0
4.5,32.0,1.0
4.5,21.0,1.0
4.5,7.0,0.0
4.5,20.0,0.0
4.5,23.0,2.0
4.5,38.0,4.0
4.5,14.0,1.0
4.5,21.0,0.0
4.5,37.0,2.0
4.5,22.0,3.0
4.5,38.0,8.0
4.5,38.0,2.0
4.5,16.0,2.0
4.5,28.0,2.0
4.5,24.0,1.0
4.5,13.0,1.0
4.5,15.0,0.0
4.5,55.0,3.0
4.5,10.0,0.0
4.5,22.0,1.0
4.5,40.0,1.0
4.5,34.0,2.0
4.5,17.0,2.0
4.5,38.0,1.0
4.5,8.0,0.0
4.5,22.0,0.0
4.5,16.0,2.0
4.5,10.0,16.0
4.5,11.0,2.0
4.5,18.0,1.0
4.5,17.0,0.0
4.5,29.0,1.0
4.5,6.0,0.0
4.5,15.0,0.0
4.5,11.0,0.0
4.5,9.0,0.0
4.5,20.0,0.0
4.5,34.0,6.0
4.5,17.0,0.0
4.5,15.0,0.0
4.5,8.0,0.0
4.5,32.0,2.0
4.5,27.0,1.0
4.5,33.0,1.0
4.5,31.0,5.0
4.5,14.0,0.0
4.5,31.0,0.0
4.5,32.0,11.0
4.5,44.0,4.0
4.5,22.0,2.0
4.5,30.0,0.0
4.5,39.0,3.0
4.5,43.0,5.0
4.5,16.0,0.0
4.5,14.0,0.0
4.5,19.0,0.0
4.5,17.0,0.0
4.5,23.0,2.0
4.5,23.0,1.0
4.5,44.0,2.0
4.5,17.0,2.0
4.5,27.0,0.0
4.5,9.0,0.0
4.5,21.0,0.0
5.0,17.0,0.0
5.0,32.0,1.0
5.0,37.0,2.0
5.0,24.0,7.0
5.0,13.0,1.0
5.0,32.0,0.0
5.0,26.0,1.0
5.0,18.0,1.0
5.0,28.0,1.0
5.0,16.0,0.0
5.0,25.0,1.0
5.0,20.0,1.0
5.0,49.0,1.0
5.0,6.0,0.0
5.0,56.0,12.0
5.0,14.0,1.0
5.0,22.0,0.0
5.0,18.0,0.0
5.0,31.0,0.0
5.0,39.0,0.0
5.0,22.0,0.0
5.0,11.0,0.0
5.0,56.0,3.0
5.0,49.0,1.0
5.0,5.0,0.0
5.0,53.0,3.0
5.0,38.0,2.0
5.0,16.0,12.0
5.0,46.0,4.0
5.0,40.0,5.0
5.0,42.0,1.0
5.0,12.0,0.0
5.0,19.0,0.0
5.0,46.0,2.0
5.0,11.0,0.0
5.0,23.0,0.0
5.0,22.0,1.0
5.0,21.0,2.0
5.0,16.0,0.0
5.0,28.0,0.0
5.0,14.0,0.0
5.0,24.0,0.0
5.0,23.0,1.0
5.0,36.0,0.0
5.0,25.0,0.0
5.0,5.0,0.0
5.0,12.0,0.0
5.0,25.0,9.0
5.0,18.0,1.0
5.0,24.0,1.0
5.0,14.0,8.0
5.0,13.0,0.0
5.0,37.0,2.0
5.0,27.0,1.0
5.0,4.0,0.0
5.0,7.0,0.0
5.0,15.0,0.0
5.0,6.0,0.0
5.0,46.0,3.0
5.0,24.0,0.0
5.0,27.0,0.0
5.0,43.0,1.0
5.0,12.0,0.0
5.0,23.0,1.0
5.0,8.0,0.0
5.0,21.0,0.0
5.0,4.0,0.0
5.0,26.0,1.0
5.0,38.0,1.0
5.0,28.0,1.0
5.0,19.0,4.0
5.0,7.0,0.0
5.0,27.0,1.0
5.0,5.0,0.0
5.0,26.0,1.0
5.0,19.0,1.0
5.0,10.0,0.0
5.0,15.0,0.0
5.0,7.0,0.0
5.0,28.0,2.0
5.0,2.0,0.0
5.0,35.0,1.0
5.0,32.0,1.0
5.0,32.0,0.0
5.0,18.0,5.0
5.0,43.0,4.0
5.0,21.0,0.0
5.0,29.0,2.0
5.0,29.0,0.0
5.0,20.0,1.0
5.0,16.0,0.0
5.0,27.0,1.0
5.0,16.0,0.0
5.0,8.0,0.0
5.0,12.0,1.0
5.0,21.0,0.0
5.0,3.0,0.0
5.0,7.0,4.0
5.0,29.0,2.0
5.0,12.0,0.0
5.0,24.0,0.0
5.0,6.0,0.0
5.0,21.0,0.0
5.0,17.0,1.0
5.0,31.0,6.0
5.0,16.0,2.0
5.0,22.0,1.0
5.0,24.0,1.0
5.0,28.0,0.0
5.0,17.0,0.0
5.0,34.0,1.0
5.0,18.0,0.0
5.0,14.0,9.0
5.0,35.0,0.0
5.0,17.0,0.0
5.0,12.0,0.0
5.0,43.0,4.0
5.0,11.0,0.0
5.0,6.0,0.0
5.0,2.0,0.0
5.0,32.0,1.0
5.0,23.0,7.0
5.0,33.0,2.0
5.0,41.0,1.0
5.0,11.0,0.0
5.0,27.0,11.0
5.0,17.0,2.0
5.0,16.0,1.0
5.0,11.0,0.0
5.0,30.0,0.0
5.0,5.0,0.0
5.0,31.0,1.0
5.0,40.0,0.0
5.0,16.0,0.0
5.0,23.0,0.0
5.0,24.0,1.0
5.0,15.0,1.0
5.0,16.0,0.0
5.0,8.0,0.0
5.0,26.0,0.0
5.0,25.0,0.0
5.0,20.0,0.0
5.0,34.0,1.0
5.0,24.0,1.0
5.0,34.0,1.0
5.0,8.0,0.0
5.0,34.0,0.0
5.0,14.0,0.0
5.0,6.0,0.0
5.0,12.0,0.0
5.0,16.0,0.0
5.0,39.0,1.0
5.0,25.0,0.0
5.0,9.0,0.0
5.0,19.0,0.0
5.0,25.0,0.0
5.0,26.0,0.0
5.0,23.0,0.0
5.0,14.0,0.0
5.0,4.0,0.0
5.0,22.0,1.0
5.0,25.0,2.0
5.0,52.0,4.0
5.0,21.0,7.0
5.0,18.0,0.0
5.0,17.0,5.0
5.0,9.0,0.0
5.0,38.0,2.0
5.0,14.0,0.0
5.0,39.0,1.0
5.0,11.0,0.0
5.0,6.0,0.0
5.0,15.0,1.0
5.0,34.0,2.0
5.0,17.0,0.0
5.0,23.0,0.0
5.0,15.0,0.0
5.0,40.0,5.0
5.0,16.0,1.0
5.0,26.0,0.0
5.0,16.0,0.0
5.0,26.0,0.0
5.0,6.0,0.0
5.0,4.0,0.0
5.0,10.0,0.0
5.0,15.0,0.0
5.0,16.0,1.0
5.0,29.0,1.0
5.0,10.0,0.0
5.0,9.0,1.0
5.0,15.0,0.0
5.0,29.0,0.0
5.0,21.0,0.0
5.0,40.0,4.0
5.0,18.0,1.0
5.0,29.0,0.0
5.0,38.0,0.0
5.0,22.0,1.0
5.0,41.0,0.0
5.0,28.0,3.0
5.0,22.0,0.0
5.0,17.0,7.0
5.0,12.0,0.0
5.0,17.0,0.0
5.0,14.0,4.0
5.0,22.0,1.0
5.0,22.0,1.0
5.0,14.0,0.0
5.0,14.0,1.0
5.0,19.0,1.0
5.0,32.0,1.0
5.0,32.0,1.0
5.0,25.0,1.0
5.0,27.0,0.0
5.0,12.0,0.0
5.0,12.0,0.0
5.0,27.0,1.0
5.0,9.0,0.0
5.0,18.0,0.0
5.0,14.0,0.0
5.0,16.0,0.0
5.0,38.0,1.0
5.0,1.0,0.0
5.0,17.0,1.0
5.0,22.0,0.0
5.0,19.0,0.0
5.0,13.0,1.0
5.0,35.0,6.0
5.0,53.0,5.0
5.0,16.0,0.0
5.0,8.0,0.0
5.0,36.0,0.0
5.0,25.0,1.0
5.0,9.0,0.0
5.0,29.0,2.0
5.0,44.0,4.0
5.0,5.0,0.0
5.0,19.0,0.0
5.0,44.0,1.0
5.0,21.0,0.0
5.0,30.0,0.0
5.0,8.0,0.0
5.0,22.0,0.0
5.0,12.0,1.0
5.0,19.0,10.0
5.0,7.0,0.0
5.0,23.0,0.0
5.0,2.0,0.0
5.0,37.0,0.0
5.0,43.0,6.0
5.0,21.0,0.0
5.0,39.0,1.0
5.0,22.0,0.0
5.0,23.0,8.0
5.0,19.0,0.0
5.0,27.0,0.0
5.0,9.0,0.0
5.0,35.0,2.0
5.0,20.0,1.0
5.0,25.0,7.0
5.0,24.0,3.0
5.0,29.0,0.0
5.0,13.0,0.0
5.0,17.0,0.0
5.0,14.0,0.0
5.0,48.0,0.0
5.0,25.0,1.0
5.0,18.0,0.0
5.0,22.0,0.0
5.0,4.0,0.0
5.0,39.0,3.0
5.0,10.0,0.0
5.0,14.0,0.0
5.0,22.0,1.0
5.0,3.0,0.0
5.0,20.0,0.0
5.0,23.0,0.0
5.0,14.0,0.0
5.0,42.0,2.0
5.0,27.0,0.0
5.0,20.0,3.0
5.0,21.0,2.0
5.0,36.0,1.0
5.0,28.0,5.0
5.0,13.0,0.0
5.0,54.0,2.0
5.0,14.0,0.0
5.0,35.0,1.0
5.0,15.0,0.0
5.0,34.0,10.0
5.0,11.0,0.0
5.0,17.0,0.0
5.0,33.0,2.0
5.0,21.0,0.0
5.0,14.0,0.0
5.0,14.0,1.0
5.0,29.0,1.0
5.0,7.0,0.0
5.0,2.0,0.0
5.0,6.0,0.0
5.5,31.0,2.0
5.5,32.0,2.0
5.5,29.0,0.0
5.5,11.0,0.0
5.5,66.0,9.0
5.5,12.0,0.0
5.5,6.0,0.0
5.5,26.0,1.0
5.5,17.0,0.0
5.5,16.0,0.0
5.5,50.0,1.0
5.5,20.0,1.0
5.5,21.0,0.0
5.5,20.0,1.0
5.5,32.0,0.0
5.5,19.0,0.0
5.5,12.0,0.0
5.5,12.0,0.0
5.5,45.0,2.0
5.5,16.0,0.0
5.5,26.0,1.0
5.5,25.0,1.0
5.5,29.0,0.0
5.5,21.0,1.0
5.5,15.0,0.0
5.5,0.0,0.0
5.5,10.0,1.0
5.5,28.0,0.0
5.5,10.0,0.0
5.5,18.0,1.0
5.5,8.0,0.0
5.5,9.0,0.0
5.5,15.0,1.0
5.5,38.0,14.0
5.5,28.0,2.0
5.5,34.0,1.0
5.5,16.0,0.0
5.5,38.0,2.0
5.5,16.0,0.0
5.5,37.0,2.0
5.5,4.0,0.0
5.5,15.0,3.0
5.5,42.0,0.0
5.5,15.0,0.0
5.5,29.0,2.0
5.5,13.0,0.0
5.5,41.0,1.0
5.5,38.0,1.0
5.5,19.0,11.0
5.5,11.0,0.0
5.5,5.0,0.0
5.5,50.0,3.0
5.5,16.0,1.0
5.5,21.0,0.0
5.5,17.0,0.0
5.5,19.0,0.0
5.5,10.0,0.0
5.5,3.0,0.0
5.5,46.0,3.0
5.5,16.0,0.0
5.5,30.0,1.0
5.5,13.0,0.0
5.5,31.0,0.0
5.5,5.0,0.0
5.5,23.0,0.0
5.5,9.0,0.0
5.5,9.0,0.0
5.5,28.0,0.0
5.5,9.0,0.0
5.5,11.0,0.0
5.5,30.0,1.0
5.5,7.0,1.0
5.5,12.0,0.0
5.5,22.0,0.0
5.5,33.0,0.0
5.5,29.0,0.0
5.5,34.0,1.0
5.5,49.0,1.0
5.5,21.0,0.0
5.5,30.0,3.0
5.5,21.0,1.0
5.5,21.0,1.0
5.5,22.0,0.0
5.5,13.0,0.0
5.5,30.0,0.0
5.5,6.0,0.0
5.5,29.0,1.0
5.5,19.0,0.0
5.5,15.0,0.0
5.5,32.0,1.0
5.5,32.0,1.0
5.5,30.0,0.0
5.5,7.0,0.0
5.5,39.0,11.0
5.5,34.0,0.0
5.5,17.0,1.0
5.5,39.0,0.0
5.5,28.0,0.0
5.5,2.0,0.0
5.5,16.0,0.0
5.5,32.0,1.0
5.5,7.0,0.0
5.5,3.0,0.0
5.5,17.0,1.0
5.5,23.0,1.0
5.5,28.0,0.0
5.5,33.0,0.0
5.5,8.0,0.0
5.5,20.0,0.0
5.5,18.0,0.0
5.5,29.0,1.0
5.5,21.0,1.0
5.5,35.0,1.0
5.5,15.0,0.0
5.5,10.0,0.0
5.5,21.0,0.0
5.5,27.0,0.0
5.5,18.0,0.0
5.5,28.0,1.0
5.5,5.0,0.0
5.5,16.0,2.0
5.5,17.0,0.0
5.5,36.0,1.0
5.5,23.0,0.0
5.5,13.0,0.0
5.5,18.0,1.0
5.5,6.0,0.0
5.5,23.0,2.0
5.5,16.0,0.0
5.5,2.0,0.0
5.5,26.0,0.0
5.5,13.0,0.0
5.5,36.0,0.0
5.5,35.0,1.0
5.5,20.0,1.0
5.5,9.0,0.0
5.5,3.0,0.0
5.5,22.0,0.0
5.5,27.0,4.0
5.5,17.0,1.0
5.5,13.0,1.0
5.5,20.0,1.0
5.5,20.0,1.0
5.5,28.0,2.0
5.5,29.0,3.0
5.5,9.0,0.0
5.5,17.0,0.0
5.5,20.0,1.0
5.5,12.0,0.0
5.5,22.0,1.0
5.5,31.0,1.0
5.5,17.0,0.0
5.5,7.0,0.0
5.5,18.0,0.0
5.5,38.0,1.0
5.5,33.0,2.0
5.5,28.0,1.0
5.5,11.0,0.0
5.5,19.0,0.0
5.5,8.0,0.0
5.5,14.0,1.0
5.5,20.0,3.0
5.5,24.0,2.0
5.5,16.0,0.0
5.5,7.0,0.0
5.5,24.0,0.0
5.5,52.0,4.0
5.5,26.0,0.0
5.5,16.0,0.0
5.5,31.0,3.0
5.5,48.0,3.0
5.5,28.0,5.0
5.5,40.0,0.0
5.5,43.0,1.0
5.5,21.0,1.0
5.5,22.0,0.0
5.5,34.0,0.0
5.5,14.0,0.0
5.5,21.0,2.0
5.5,44.0,2.0
5.5,33.0,0.0
5.5,11.0,0.0
5.5,28.0,1.0
5.5,32.0,0.0
5.5,7.0,0.0
5.5,29.0,1.0
5.5,18.0,0.0
5.5,3.0,4.0
5.5,28.0,0.0
5.5,11.0,0.0
5.5,30.0,1.0
5.5,27.0,0.0
5.5,28.0,1.0
5.5,33.0,9.0
5.5,30.0,1.0
5.5,8.0,0.0
5.5,16.0,0.0
5.5,9.0,0.0
5.5,14.0,2.0
5.5,36.0,2.0
5.5,19.0,0.0
5.5,32.0,0.0
5.5,19.0,0.0
5.5,16.0,0.0
5.5,36.0,2.0
5.5,10.0,2.0
5.5,30.0,0.0
5.5,4.0,0.0
5.5,36.0,1.0
5.5,22.0,0.0
5.5,23.0,0.0
5.5,10.0,0.0
5.5,25.0,0.0
5.5,12.0,0.0
5.5,18.0,0.0
5.5,21.0,0.0
5.5,9.0,0.0
5.5,11.0,0.0
5.5,8.0,1.0
5.5,37.0,2.0
5.5,43.0,2.0
5.5,41.0,0.0
5.5,0.0,0.0
5.5,9.0,0.0
5.5,19.0,1.0
5.5,26.0,5.0
5.5,23.0,0.0
5.5,11.0,0.0
5.5,16.0,1.0
5.5,30.0,1.0
5.5,37.0,0.0
5.5,28.0,0.0
5.5,19.0,0.0
5.5,11.0,0.0
5.5,29.0,0.0
5.5,25.0,0.0
5.5,23.0,0.0
5.5,16.0,0.0
5.5,8.0,0.0
5.5,6.0,0.0
5.5,10.0,0.0
5.5,23.0,0.0
5.5,14.0,0.0
5.5,37.0,0.0
5.5,18.0,11.0
5.5,25.0,2.0
5.5,22.0,2.0
5.5,20.0,8.0
5.5,8.0,0.0
5.5,29.0,0.0
5.5,10.0,0.0
5.5,8.0,0.0
5.5,35.0,2.0
5.5,24.0,0.0
5.5,46.0,1.0
5.5,9.0,0.0
5.5,19.0,0.0
5.5,13.0,0.0
5.5,18.0,0.0
5.5,27.0,0.0
5.5,9.0,0.0
5.5,8.0,0.0
5.5,13.0,0.0
5.5,14.0,0.0
5.5,20.0,0.0
5.5,17.0,0.0
5.5,17.0,0.0
5.5,19.0,0.0
5.5,37.0,1.0
5.5,6.0,0.0
5.5,41.0,1.0
5.5,39.0,1.0
5.5,20.0,1.0
5.5,5.0,0.0
5.5,16.0,0.0
5.5,22.0,1.0
5.5,17.0,0.0
5.5,22.0,0.0
5.5,15.0,0.0
5.5,3.0,0.0
5.5,23.0,0.0
5.5,31.0,7.0
5.5,10.0,0.0
5.5,31.0,0.0
5.5,16.0,2.0
5.5,31.0,0.0
5.5,25.0,1.0
5.5,31.0,4.0
5.5,20.0,0.0
5.5,19.0,0.0
5.5,22.0,0.0
5.5,22.0,0.0
5.5,41.0,1.0
5.5,21.0,1.0
5.5,27.0,0.0
5.5,7.0,1.0
5.5,17.0,0.0
5.5,23.0,0.0
5.5,12.0,0.0
5.5,14.0,0.0
6.0,31.0,0.0
6.0,29.0,0.0
6.0,20.0,1.0
6.0,30.0,0.0
6.0,30.0,0.0
6.0,9.0,0.0
6.0,13.0,0.0
6.0,18.0,0.0
6.0,15.0,0.0
6.0,12.0,0.0
6.0,30.0,3.0
6.0,9.0,0.0
6.0,30.0,0.0
6.0,16.0,9.0
6.0,14.0,0.0
6.0,15.0,0.0
6.0,12.0,0.0
6.0,2.0,0.0
6.0,12.0,0.0
6.0,19.0,2.0
6.0,15.0,0.0
6.0,30.0,0.0
6.0,33.0,2.0
6.0,18.0,1.0
6.0,14.0,0.0
6.0,24.0,1.0
6.0,16.0,0.0
6.0,25.0,0.0
6.0,19.0,0.0
6.0,32.0,0.0
6.0,7.0,0.0
6.0,37.0,0.0
6.0,12.0,4.0
6.0,20.0,0.0
6.0,18.0,0.0
6.0,31.0,14.0
6.0,5.0,0.0
6.0,18.0,1.0
6.0,34.0,1.0
6.0,14.0,0.0
6.0,40.0,0.0
6.0,18.0,6.0
6.0,41.0,1.0
6.0,11.0,0.0
6.0,11.0,0.0
6.0,16.0,0.0
6.0,21.0,0.0
6.0,45.0,4.0
6.0,2.0,0.0
6.0,16.0,0.0
6.0,26.0,0.0
6.0,35.0,1.0
6.0,39.0,2.0
6.0,16.0,1.0
6.0,27.0,0.0
6.0,20.0,0.0
6.0,16.0,0.0
6.0,36.0,1.0
6.0,16.0,0.0
6.0,28.0,0.0
6.0,20.0,12.0
6.0,4.0,0.0
6.0,26.0,0.0
6.0,17.0,5.0
6.0,15.0,0.0
6.0,21.0,0.0
6.0,13.0,0.0
6.0,16.0,0.0
6.0,17.0,0.0
6.0,11.0,0.0
6.0,13.0,8.0
6.0,4.0,0.0
6.0,39.0,0.0
6.0,33.0,2.0
6.0,34.0,0.0
6.0,58.0,2.0
6.0,36.0,0.0
6.0,10.0,0.0
6.0,16.0,10.0
6.0,14.0,0.0
6.0,16.0,1.0
6.0,29.0,1.0
6.0,28.0,1.0
6.0,36.0,0.0
6.0,30.0,0.0
6.0,5.0,0.0
6.0,7.0,0.0
6.0,30.0,0.0
6.0,19.0,0.0
6.0,10.0,0.0
6.0,5.0,1.0
6.0,17.0,0.0
6.0,20.0,0.0
6.0,28.0,0.0
6.0,20.0,0.0
6.0,17.0,0.0
6.0,15.0,0.0
6.0,30.0,1.0
6.0,34.0,0.0
6.0,20.0,0.0
6.0,30.0,0.0
6.0,18.0,0.0
6.0,31.0,0.0
6.0,42.0,0.0
6.0,28.0,2.0
6.0,15.0,0.0
6.0,5.0,0.0
6.0,10.0,0.0
6.0,25.0,0.0
6.0,35.0,4.0
6.0,15.0,0.0
6.0,17.0,0.0
6.0,33.0,4.0
6.0,22.0,0.0
6.0,24.0,10.0
6.0,44.0,3.0
6.0,27.0,4.0
6.0,3.0,0.0
6.0,26.0,0.0
6.0,9.0,0.0
6.0,27.0,0.0
6.0,38.0,1.0
6.0,14.0,0.0
6.0,16.0,0.0
6.0,14.0,0.0
6.0,32.0,1.0
6.0,5.0,0.0
6.0,24.0,1.0
6.0,28.0,1.0
6.0,12.0,0.0
6.0,9.0,0.0
6.0,2.0,0.0
6.0,12.0,0.0
6.0,18.0,1.0
6.0,15.0,1.0
6.0,25.0,1.0
6.0,31.0,1.0
6.0,22.0,0.0
6.0,12.0,0.0
6.0,23.0,0.0
6.0,11.0,0.0
6.0,25.0,0.0
6.0,22.0,1.0
6.0,35.0,0.0
6.0,9.0,0.0
6.0,4.0,0.0
6.0,20.0,2.0
6.0,19.0,0.0
6.0,9.0,0.0
6.0,19.0,0.0
6.0,12.0,0.0
6.0,17.0,0.0
6.0,12.0,0.0
6.0,25.0,3.0
6.0,27.0,0.0
6.0,5.0,0.0
6.0,11.0,5.0
6.0,27.0,0.0
6.0,27.0,1.0
6.0,26.0,0.0
6.0,13.0,0.0
6.0,43.0,1.0
6.0,31.0,1.0
6.0,19.0,0.0
6.0,5.0,0.0
6.0,28.0,0.0
6.0,41.0,6.0
6.0,20.0,0.0
6.0,27.0,1.0
6.0,22.0,0.0
6.0,4.0,0.0
6.0,14.0,0.0
6.0,38.0,0.0
6.0,14.0,2.0
6.0,7.0,0.0
6.0,9.0,0.0
6.0,9.0,0.0
6.0,14.0,0.0
6.0,20.0,0.0
6.0,24.0,0.0
6.0,12.0,0.0
6.0,9.0,0.0
6.0,38.0,0.0
6.0,19.0,0.0
6.0,24.0,0.0
6.0,9.0,0.0
6.0,11.0,0.0
6.0,5.0,0.0
6.0,32.0,0.0
6.0,42.0,2.0
6.0,13.0,0.0
6.0,3.0,0.0
6.0,24.0,4.0
6.0,24.0,0.0
6.0,6.0,0.0
6.0,39.0,2.0
6.0,26.0,0.0
6.0,22.0,0.0
6.0,4.0,0.0
6.0,20.0,0.0
6.0,46.0,1.0
6.0,25.0,7.0
6.0,14.0,0.0
6.0,37.0,0.0
6.0,27.0,0.0
6.0,26.0,1.0
6.0,10.0,0.0
6.0,32.0,0.0
6.0,20.0,0.0
6.0,27.0,1.0
6.0,40.0,1.0
6.0,19.0,2.0
6.0,16.0,1.0
6.0,28.0,0.0
6.0,25.0,0.0
6.0,21.0,0.0
6.0,38.0,0.0
6.0,19.0,0.0
6.0,1.0,0.0
6.0,17.0,0.0
6.0,7.0,0.0
6.0,5.0,0.0
6.0,23.0,0.0
6.0,18.0,11.0
6.0,36.0,0.0
6.0,23.0,0.0
6.0,15.0,0.0
6.0,13.0,0.0
6.0,16.0,0.0
6.0,29.0,1.0
6.0,12.0,0.0
6.0,38.0,1.0
6.0,9.0,0.0
6.0,24.0,0.0
6.0,10.0,7.0
6.0,30.0,0.0
6.0,39.0,4.0
6.0,4.0,0.0
6.0,15.0,0.0
6.0,21.0,1.0
6.0,16.0,0.0
6.0,8.0,3.0
6.0,23.0,0.0
6.0,6.0,0.0
6.0,40.0,1.0
6.0,16.0,1.0
6.0,23.0,1.0
6.0,14.0,3.0
6.0,14.0,0.0
6.0,37.0,0.0
6.0,20.0,8.0
6.0,20.0,1.0
6.0,12.0,0.0
6.0,33.0,3.0
6.0,9.0,0.0
6.0,19.0,4.0
6.0,17.0,0.0
6.0,14.0,0.0
6.0,16.0,0.0
6.0,27.0,0.0
6.0,15.0,0.0
6.0,29.0,0.0
6.0,26.0,1.0
6.0,34.0,1.0
6.0,4.0,0.0
6.0,16.0,0.0
6.0,18.0,0.0
6.0,41.0,1.0
6.0,15.0,0.0
6.0,19.0,0.0
6.0,26.0,0.0
6.0,22.0,1.0
6.0,24.0,1.0
6.0,13.0,0.0
6.0,41.0,0.0
6.0,38.0,0.0
6.0,21.0,1.0
6.0,23.0,0.0
6.0,25.0,0.0
6.0,27.0,0.0
6.0,14.0,0.0
6.0,26.0,0.0
6.0,25.0,5.0
6.0,30.0,0.0
6.0,45.0,2.0
6.0,34.0,0.0
6.0,29.0,0.0
6.0,36.0,0.0
6.0,18.0,0.0
6.0,10.0,0.0
6.0,14.0,2.0
6.0,3.0,0.0
6.0,22.0,0.0
6.0,16.0,0.0
6.0,31.0,0.0
6.0,10.0,0.0
6.0,27.0,1.0
6.0,21.0,2.0
6.0,23.0,2.0
6.0,6.0,0.0
6.5,24.0,0.0
6.5,29.0,14.0
6.5,15.0,0.0
6.5,25.0,0.0
6.5,6.0,0.0
6.5,16.0,0.0
6.5,19.0,0.0
6.5,29.0,0.0
6.5,24.0,0.0
6.5,3.0,0.0
6.5,22.0,0.0
6.5,21.0,0.0
6.5,3.0,0.0
6.5,23.0,0.0
6.5,30.0,0.0
6.5,18.0,0.0
6.5,17.0,0.0
6.5,10.0,0.0
6.5,3.0,0.0
6.5,16.0,0.0
6.5,24.0,0.0
6.5,16.0,0.0
6.5,24.0,0.0
6.5,13.0,0.0
6.5,15.0,0.0
6.5,28.0,1.0
6.5,19.0,0.0
6.5,23.0,0.0
6.5,18.0,0.0
6.5,9.0,1.0
6.5,22.0,0.0
6.5,30.0,0.0
6.5,38.0,0.0
6.5,14.0,1.0
6.5,20.0,1.0
6.5,11.0,0.0
6.5,13.0,0.0
6.5,34.0,0.0
6.5,19.0,17.0
6.5,4.0,0.0
6.5,17.0,0.0
6.5,8.0,0.0
6.5,14.0,0.0
6.5,16.0,0.0
6.5,23.0,0.0
6.5,26.0,0.0
6.5,10.0,0.0
6.5,42.0,0.0
6.5,13.0,0.0
6.5,15.0,0.0
6.5,31.0,0.0
6.5,24.0,0.0
6.5,29.0,1.0
6.5,16.0,0.0
6.5,18.0,0.0
6.5,19.0,0.0
6.5,11.0,0.0
6.5,16.0,0.0
6.5,9.0,0.0
6.5,14.0,0.0
6.5,25.0,0.0
6.5,17.0,0.0
6.5,14.0,1.0
6.5,14.0,0.0
6.5,24.0,0.0
6.5,21.0,0.0
6.5,13.0,0.0
6.5,10.0,0.0
6.5,19.0,0.0
6.5,18.0,0.0
6.5,7.0,0.0
6.5,20.0,0.0
6.5,28.0,0.0
6.5,11.0,0.0
6.5,11.0,0.0
6.5,27.0,1.0
6.5,17.0,0.0
6.5,42.0,1.0
6.5,13.0,0.0
6.5,30.0,0.0
6.5,21.0,0.0
6.5,17.0,2.0
6.5,7.0,1.0
6.5,11.0,0.0
6.5,14.0,0.0
6.5,45.0,3.0
6.5,9.0,0.0
6.5,18.0,1.0
6.5,16.0,0.0
6.5,16.0,0.0
6.5,7.0,0.0
6.5,30.0,0.0
6.5,28.0,0.0
6.5,17.0,0.0
6.5,37.0,1.0
6.5,19.0,1.0
6.5,44.0,0.0
6.5,12.0,0.0
6.5,16.0,0.0
6.5,8.0,0.0
6.5,19.0,0.0
6.5,3.0,0.0
6.5,27.0,0.0
6.5,21.0,0.0
6.5,40.0,1.0
6.5,12.0,0.0
6.5,15.0,0.0
6.5,18.0,0.0
6.5,14.0,0.0
6.5,56.0,1.0
6.5,9.0,2.0
6.5,21.0,0.0
6.5,18.0,0.0
6.5,9.0,0.0
6.5,28.0,0.0
6.5,17.0,0.0
6.5,15.0,0.0
6.5,7.0,0.0
6.5,19.0,1.0
6.5,13.0,0.0
6.5,25.0,0.0
6.5,36.0,0.0
6.5,15.0,1.0
6.5,12.0,0.0
6.5,19.0,0.0
6.5,26.0,3.0
6.5,6.0,0.0
6.5,34.0,0.0
6.5,9.0,0.0
6.5,7.0,0.0
6.5,18.0,0.0
6.5,27.0,1.0
6.5,21.0,0.0
6.5,33.0,1.0
6.5,30.0,0.0
6.5,16.0,0.0
6.5,6.0,0.0
6.5,17.0,1.0
6.5,12.0,0.0
6.5,31.0,1.0
6.5,13.0,0.0
6.5,31.0,1.0
6.5,36.0,0.0
6.5,32.0,1.0
6.5,8.0,0.0
6.5,27.0,0.0
6.5,15.0,0.0
6.5,26.0,0.0
6.5,27.0,0.0
6.5,18.0,0.0
6.5,37.0,0.0
6.5,13.0,0.0
6.5,10.0,0.0
6.5,29.0,0.0
6.5,34.0,0.0
6.5,20.0,0.0
6.5,18.0,0.0
6.5,18.0,0.0
6.5,9.0,0.0
6.5,14.0,0.0
6.5,9.0,0.0
6.5,36.0,0.0
6.5,16.0,0.0
6.5,17.0,0.0
6.5,1.0,0.0
6.5,3.0,0.0
6.5,23.0,0.0
6.5,15.0,0.0
6.5,3.0,0.0
6.5,33.0,0.0
6.5,31.0,0.0
6.5,12.0,0.0
6.5,13.0,1.0
6.5,11.0,0.0
6.5,27.0,0.0
6.5,28.0,1.0
6.5,22.0,0.0
6.5,10.0,0.0
6.5,24.0,0.0
6.5,19.0,0.0
6.5,17.0,0.0
6.5,16.0,0.0
6.5,15.0,0.0
6.5,20.0,0.0
6.5,22.0,0.0
6.5,27.0,0.0
6.5,15.0,0.0
6.5,28.0,0.0
6.5,25.0,0.0
6.5,16.0,0.0
6.5,25.0,2.0
6.5,49.0,1.0
6.5,38.0,0.0
6.5,35.0,0.0
6.5,24.0,0.0
6.5,20.0,1.0
6.5,28.0,2.0
6.5,14.0,2.0
6.5,1.0,0.0
6.5,39.0,1.0
6.5,22.0,0.0
6.5,35.0,3.0
6.5,35.0,1.0
6.5,21.0,0.0
6.5,52.0,1.0
6.5,9.0,0.0
6.5,17.0,0.0
6.5,20.0,1.0
6.5,8.0,0.0
6.5,28.0,0.0
6.5,37.0,0.0
6.5,42.0,0.0
6.5,24.0,1.0
6.5,17.0,0.0
6.5,16.0,0.0
6.5,13.0,0.0
6.5,17.0,1.0
6.5,22.0,0.0
6.5,15.0,0.0
6.5,16.0,0.0
6.5,32.0,1.0
6.5,24.0,0.0
6.5,15.0,0.0
6.5,19.0,1.0
6.5,13.0,0.0
6.5,18.0,0.0
6.5,45.0,1.0
6.5,22.0,0.0
6.5,14.0,0.0
6.5,18.0,0.0
6.5,38.0,8.0
6.5,0.0,0.0
6.5,36.0,1.0
6.5,5.0,0.0
6.5,13.0,0.0
6.5,22.0,0.0
6.5,14.0,0.0
6.5,42.0,2.0
6.5,26.0,0.0
6.5,19.0,0.0
6.5,13.0,0.0
6.5,21.0,6.0
6.5,17.0,1.0
6.5,23.0,1.0
6.5,30.0,0.0
6.5,9.0,0.0
6.5,6.0,0.0
6.5,20.0,0.0
6.5,16.0,0.0
6.5,8.0,0.0
6.5,28.0,3.0
6.5,35.0,6.0
6.5,23.0,2.0
6.5,15.0,1.0
6.5,48.0,1.0
6.5,22.0,0.0
6.5,12.0,0.0
6.5,23.0,3.0
6.5,13.0,0.0
6.5,33.0,1.0
6.5,39.0,0.0
6.5,45.0,0.0
6.5,10.0,0.0
6.5,28.0,0.0
6.5,53.0,1.0
6.5,9.0,0.0
6.5,19.0,1.0
6.5,20.0,3.0
6.5,18.0,0.0
6.5,30.0,1.0
6.5,24.0,3.0
6.5,17.0,4.0
6.5,21.0,0.0
6.5,15.0,0.0
6.5,23.0,0.0
6.5,10.0,0.0
6.5,41.0,0.0
6.5,27.0,2.0
6.5,2.0,0.0
6.5,13.0,2.0
6.5,22.0,1.0
6.5,4.0,0.0
6.5,30.0,11.0
6.5,9.0,0.0
6.5,6.0,0.0
6.5,20.0,1.0
6.5,36.0,0.0
6.5,7.0,0.0
6.5,18.0,0.0
6.5,26.0,10.0
6.5,7.0,0.0
6.5,21.0,0.0
6.5,30.0,0.0
6.5,8.0,0.0
6.5,26.0,0.0
6.5,18.0,5.0
6.5,14.0,0.0
6.5,20.0,2.0
6.5,47.0,0.0
6.5,10.0,0.0
7.0,37.0,1.0
7.0,23.0,1.0
7.0,16.0,0.0
7.0,38.0,0.0
7.0,20.0,0.0
7.0,31.0,0.0
7.0,18.0,1.0
7.0,12.0,0.0
7.0,23.0,3.0
7.0,5.0,0.0
7.0,2.0,0.0
7.0,23.0,0.0
7.0,26.0,0.0
7.0,24.0,11.0
7.0,16.0,1.0
7.0,12.0,0.0
7.0,4.0,0.0
7.0,40.0,2.0
7.0,9.0,0.0
7.0,17.0,0.0
7.0,17.0,0.0
7.0,32.0,1.0
7.0,24.0,0.0
7.0,13.0,0.0
7.0,11.0,1.0
7.0,21.0,0.0
7.0,26.0,1.0
7.0,25.0,0.0
7.0,9.0,0.0
7.0,23.0,0.0
7.0,4.0,0.0
7.0,14.0,0.0
7.0,11.0,0.0
7.0,10.0,1.0
7.0,12.0,0.0
7.0,11.0,0.0
7.0,16.0,0.0
7.0,17.0,0.0
7.0,2.0,0.0
7.0,32.0,0.0
7.0,16.0,0.0
7.0,34.0,0.0
7.0,36.0,0.0
7.0,8.0,0.0
7.0,5.0,0.0
7.0,15.0,0.0
7.0,26.0,2.0
7.0,23.0,0.0
7.0,25.0,2.0
7.0,4.0,0.0
7.0,30.0,4.0
7.0,13.0,0.0
7.0,14.0,0.0
7.0,16.0,0.0
7.0,30.0,0.0
7.0,19.0,0.0
7.0,8.0,0.0
7.0,22.0,0.0
7.0,10.0,0.0
7.0,32.0,1.0
7.0,9.0,0.0
7.0,23.0,0.0
7.0,32.0,7.0
7.0,32.0,0.0
7.0,11.0,0.0
7.0,25.0,0.0
7.0,7.0,0.0
7.0,37.0,1.0
7.0,18.0,0.0
7.0,7.0,0.0
7.0,5.0,0.0
7.0,22.0,4.0
7.0,16.0,0.0
7.0,40.0,0.0
7.0,29.0,0.0
7.0,24.0,0.0
7.0,4.0,0.0
7.0,26.0,0.0
7.0,38.0,0.0
7.0,18.0,0.0
7.0,15.0,0.0
7.0,24.0,0.0
7.0,19.0,0.0
7.0,8.0,0.0
7.0,25.0,1.0
7.0,14.0,1.0
7.0,9.0,0.0
7.0,13.0,0.0
7.0,19.0,0.0
7.0,29.0,0.0
7.0,17.0,12.0
7.0,31.0,0.0
7.0,4.0,0.0
7.0,15.0,0.0
7.0,16.0,0.0
7.0,18.0,0.0
7.0,21.0,0.0
7.0,4.0,0.0
7.0,26.0,8.0
7.0,16.0,0.0
7.0,23.0,0.0
7.0,14.0,0.0
7.0,11.0,0.0
7.0,19.0,0.0
7.0,12.0,0.0
7.0,30.0,0.0
7.0,10.0,0.0
7.0,26.0,5.0
7.0,12.0,0.0
7.0,20.0,0.0
7.0,15.0,0.0
7.0,28.0,0.0
7.0,5.0,0.0
7.0,13.0,0.0
7.0,10.0,0.0
7.0,11.0,0.0
7.0,21.0,0.0
7.0,12.0,0.0
7.0,23.0,0.0
7.0,22.0,0.0
7.0,9.0,0.0
7.0,19.0,0.0
7.0,18.0,0.0
7.0,15.0,0.0
7.0,37.0,1.0
7.0,8.0,2.0
7.0,26.0,0.0
7.0,9.0,0.0
7.0,25.0,0.0
7.0,23.0,0.0
7.0,11.0,0.0
7.0,17.0,0.0
7.0,25.0,0.0
7.0,6.0,0.0
7.0,23.0,0.0
7.0,26.0,0.0
7.0,33.0,4.0
7.0,30.0,0.0
7.0,8.0,0.0
7.0,22.0,1.0
7.0,24.0,9.0
7.0,30.0,0.0
7.0,17.0,0.0
7.0,35.0,2.0
7.0,6.0,0.0
7.0,21.0,0.0
7.0,20.0,0.0
7.0,19.0,0.0
7.0,23.0,1.0
7.0,21.0,1.0
7.0,29.0,0.0
7.0,14.0,0.0
7.0,3.0,0.0
7.0,29.0,1.0
7.0,9.0,0.0
7.0,39.0,0.0
7.0,14.0,0.0
7.0,13.0,0.0
7.0,7.0,0.0
7.0,9.0,0.0
7.0,31.0,2.0
7.0,15.0,0.0
7.0,5.0,0.0
7.0,16.0,0.0
7.0,1.0,0.0
7.0,9.0,0.0
7.0,14.0,0.0
7.0,36.0,0.0
7.0,24.0,0.0
7.0,10.0,0.0
7.0,19.0,3.0
7.0,52.0,1.0
7.0,20.0,0.0
7.0,14.0,0.0
7.0,39.0,1.0
7.0,14.0,0.0
7.0,14.0,0.0
7.0,4.0,0.0
7.0,18.0,0.0
7.0,37.0,2.0
7.0,8.0,0.0
7.0,19.0,0.0
7.0,17.0,0.0
7.0,34.0,0.0
7.0,17.0,0.0
7.0,25.0,1.0
7.0,27.0,0.0
7.0,16.0,0.0
7.0,16.0,0.0
7.0,4.0,0.0
7.0,27.0,0.0
7.0,22.0,0.0
7.0,13.0,0.0
7.0,6.0,0.0
7.0,8.0,0.0
7.0,19.0,0.0
7.0,38.0,0.0
7.0,20.0,0.0
7.0,13.0,0.0
7.0,29.0,0.0
7.0,16.0,0.0
7.0,28.0,0.0
7.0,14.0,0.0
7.0,30.0,0.0
7.0,14.0,0.0
7.0,45.0,0.0
7.0,15.0,0.0
7.0,16.0,0.0
7.0,10.0,0.0
7.0,42.0,0.0
7.0,11.0,0.0
7.0,3.0,0.0
7.0,29.0,8.0
7.0,27.0,0.0
7.0,13.0,0.0
7.0,17.0,0.0
7.0,22.0,0.0
7.0,22.0,0.0
7.0,25.0,0.0
7.0,22.0,0.0
7.0,22.0,0.0
7.0,16.0,0.0
7.0,7.0,0.0
7.0,16.0,0.0
7.0,17.0,0.0
7.0,17.0,0.0
7.0,14.0,0.0
7.0,8.0,0.0
7.0,15.0,0.0
7.0,18.0,0.0
7.0,8.0,0.0
7.0,10.0,0.0
7.0,24.0,0.0
7.0,28.0,0.0
7.0,45.0,0.0
7.0,18.0,0.0
7.0,11.0,0.0
7.0,16.0,1.0
7.0,5.0,0.0
7.0,15.0,0.0
7.0,18.0,0.0
7.0,4.0,0.0
7.0,26.0,0.0
7.0,17.0,0.0
7.0,22.0,1.0
7.0,11.0,0.0
7.0,18.0,0.0
7.0,28.0,1.0
7.0,33.0,0.0
7.0,23.0,0.0
7.0,16.0,0.0
7.0,35.0,0.0
7.0,21.0,0.0
7.0,8.0,0.0
7.0,34.0,0.0
7.0,4.0,0.0
7.0,1.0,0.0
7.0,8.0,0.0
7.0,11.0,0.0
7.0,11.0,0.0
7.0,32.0,0.0
7.0,24.0,1.0
7.0,17.0,0.0
7.0,12.0,0.0
7.0,16.0,0.0
7.0,36.0,0.0
7.0,18.0,0.0
7.0,12.0,0.0
7.0,28.0,1.0
7.0,5.0,0.0
7.0,25.0,0.0
7.0,8.0,0.0
7.0,26.0,0.0
7.0,10.0,1.0
7.0,16.0,0.0
7.0,8.0,0.0
7.0,24.0,0.0
7.0,16.0,0.0
7.0,28.0,0.0
7.0,18.0,0.0
7.0,21.0,0.0
7.0,16.0,0.0
7.0,25.0,0.0
7.0,14.0,0.0
7.0,12.0,0.0
7.0,19.0,0.0
7.0,18.0,0.0
7.0,28.0,14.0
7.0,6.0,0.0
7.0,27.0,0.0
7.0,20.0,0.0
7.0,18.0,0.0
7.0,22.0,0.0
7.0,22.0,0.0
7.0,17.0,0.0
7.0,12.0,0.0
7.0,22.0,7.0
7.0,8.0,0.0
7.0,20.0,0.0
7.0,11.0,0.0
7.5,14.0,0.0
7.5,19.0,0.0
7.5,15.0,5.0
7.5,16.0,0.0
7.5,13.0,0.0
7.5,32.0,0.0
7.5,17.0,0.0
7.5,17.0,0.0
7.5,18.0,0.0
7.5,23.0,0.0
7.5,19.0,0.0
7.5,10.0,1.0
7.5,7.0,0.0
7.5,44.0,2.0
7.5,3.0,0.0
7.5,25.0,0.0
7.5,5.0,0.0
7.5,25.0,0.0
7.5,21.0,1.0
7.5,24.0,0.0
7.5,36.0,0.0
7.5,25.0,1.0
7.5,9.0,0.0
7.5,10.0,0.0
7.5,18.0,1.0
7.5,12.0,0.0
7.5,5.0,0.0
7.5,29.0,0.0
7.5,12.0,0.0
7.5,21.0,0.0
7.5,31.0,0.0
7.5,6.0,0.0
7.5,17.0,0.0
7.5,16.0,0.0
7.5,11.0,2.0
7.5,23.0,0.0
7.5,8.0,0.0
7.5,21.0,0.0
7.5,7.0,0.0
7.5,14.0,0.0
7.5,14.0,0.0
7.5,12.0,0.0
7.5,28.0,1.0
7.5,11.0,5.0
7.5,26.0,0.0
7.5,15.0,0.0
7.5,14.0,1.0
7.5,21.0,1.0
7.5,27.0,1.0
7.5,12.0,0.0
7.5,35.0,0.0
7.5,58.0,0.0
7.5,14.0,0.0
7.5,29.0,0.0
7.5,18.0,0.0
7.5,10.0,0.0
7.5,13.0,0.0
7.5,14.0,2.0
7.5,10.0,0.0
7.5,14.0,0.0
7.5,14.0,0.0
7.5,9.0,0.0
7.5,23.0,0.0
7.5,18.0,0.0
7.5,31.0,0.0
7.5,12.0,0.0
7.5,25.0,0.0
7.5,30.0,0.0
7.5,30.0,0.0
7.5,4.0,0.0
7.5,17.0,0.0
7.5,27.0,0.0
7.5,37.0,0.0
7.5,24.0,0.0
7.5,19.0,2.0
7.5,14.0,0.0
7.5,18.0,0.0
7.5,19.0,0.0
7.5,11.0,0.0
7.5,10.0,0.0
7.5,26.0,0.0
7.5,14.0,0.0
7.5,28.0,0.0
7.5,25.0,1.0
7.5,32.0,0.0
7.5,13.0,0.0
7.5,39.0,0.0
7.5,8.0,2.0
7.5,39.0,0.0
7.5,5.0,0.0
7.5,28.0,0.0
7.5,20.0,0.0
7.5,24.0,1.0
7.5,10.0,7.0
7.5,16.0,0.0
7.5,20.0,0.0
7.5,11.0,0.0
7.5,16.0,4.0
7.5,11.0,0.0
7.5,13.0,0.0
7.5,10.0,3.0
7.5,21.0,0.0
7.5,19.0,0.0
7.5,17.0,0.0
7.5,8.0,0.0
7.5,18.0,0.0
7.5,26.0,0.0
7.5,33.0,0.0
7.5,29.0,0.0
7.5,9.0,1.0
7.5,18.0,0.0
7.5,39.0,0.0
7.5,14.0,0.0
7.5,12.0,0.0
7.5,15.0,0.0
7.5,19.0,0.0
7.5,15.0,0.0
7.5,24.0,0.0
7.5,21.0,0.0
7.5,20.0,0.0
7.5,9.0,0.0
7.5,16.0,0.0
7.5,16.0,0.0
7.5,12.0,0.0
7.5,22.0,0.0
7.5,10.0,0.0
7.5,14.0,0.0
7.5,36.0,0.0
7.5,14.0,0.0
7.5,31.0,0.0
7.5,38.0,7.0
7.5,16.0,0.0
7.5,33.0,0.0
7.5,1.0,0.0
7.5,9.0,0.0
7.5,9.0,0.0
7.5,21.0,0.0
7.5,1.0,0.0
7.5,11.0,0.0
7.5,18.0,0.0
7.5,22.0,0.0
7.5,11.0,0.0
7.5,23.0,0.0
7.5,17.0,0.0
7.5,18.0,10.0
7.5,8.0,0.0
7.5,13.0,0.0
7.5,35.0,2.0
7.5,16.0,0.0
7.5,15.0,0.0
7.5,1.0,0.0
7.5,5.0,0.0
7.5,8.0,0.0
7.5,23.0,0.0
7.5,3.0,0.0
7.5,18.0,0.0
7.5,21.0,0.0
7.5,36.0,0.0
7.5,15.0,0.0
7.5,18.0,0.0
7.5,13.0,0.0
7.5,28.0,0.0
7.5,52.0,0.0
7.5,13.0,0.0
7.5,10.0,0.0
7.5,13.0,0.0
7.5,24.0,0.0
7.5,22.0,0.0
7.5,16.0,2.0
7.5,19.0,0.0
7.5,23.0,0.0
7.5,20.0,0.0
7.5,27.0,1.0
7.5,37.0,5.0
7.5,14.0,0.0
7.5,16.0,0.0
7.5,4.0,0.0
7.5,4.0,0.0
7.5,24.0,0.0
7.5,23.0,0.0
7.5,35.0,3.0
7.5,26.0,0.0
7.5,25.0,0.0
7.5,10.0,0.0
7.5,18.0,0.0
7.5,26.0,0.0
7.5,20.0,10.0
7.5,11.0,0.0
7.5,12.0,0.0
7.5,21.0,0.0
7.5,29.0,0.0
7.5,38.0,23.0
7.5,8.0,0.0
7.5,2.0,0.0
7.5,35.0,3.0
7.5,16.0,0.0
7.5,9.0,0.0
7.5,23.0,0.0
7.5,30.0,1.0
7.5,20.0,0.0
7.5,13.0,0.0
7.5,7.0,0.0
7.5,8.0,0.0
7.5,31.0,0.0
7.5,41.0,16.0
7.5,18.0,1.0
7.5,26.0,0.0
7.5,9.0,0.0
7.5,14.0,0.0
7.5,21.0,1.0
7.5,9.0,0.0
7.5,5.0,0.0
7.5,11.0,1.0
7.5,24.0,0.0
7.5,24.0,0.0
7.5,13.0,0.0
7.5,14.0,0.0
7.5,8.0,0.0
7.5,28.0,7.0
7.5,20.0,0.0
7.5,32.0,0.0
7.5,26.0,0.0
7.5,20.0,0.0
7.5,19.0,0.0
7.5,18.0,0.0
7.5,7.0,0.0
7.5,28.0,0.0
7.5,29.0,0.0
7.5,10.0,0.0
7.5,8.0,0.0
7.5,4.0,0.0
7.5,21.0,0.0
7.5,14.0,0.0
7.5,7.0,0.0
7.5,26.0,10.0
7.5,22.0,0.0
7.5,9.0,0.0
7.5,16.0,0.0
7.5,47.0,1.0
7.5,18.0,0.0
7.5,20.0,0.0
7.5,28.0,0.0
7.5,17.0,0.0
7.5,8.0,0.0
7.5,7.0,0.0
7.5,27.0,0.0
7.5,5.0,0.0
7.5,9.0,0.0
7.5,5.0,0.0
7.5,26.0,0.0
7.5,12.0,3.0
7.5,14.0,0.0
7.5,13.0,0.0
7.5,15.0,0.0
7.5,27.0,1.0
7.5,22.0,0.0
7.5,4.0,0.0
7.5,4.0,0.0
7.5,11.0,0.0
7.5,12.0,0.0
7.5,19.0,0.0
7.5,35.0,1.0
7.5,28.0,0.0
7.5,37.0,4.0
7.5,12.0,11.0
7.5,29.0,6.0
7.5,17.0,0.0
7.5,11.0,0.0
7.5,4.0,0.0
7.5,24.0,0.0
7.5,36.0,1.0
7.5,40.0,0.0
7.5,6.0,0.0
7.5,7.0,0.0
7.5,10.0,0.0
7.5,21.0,0.0
7.5,31.0,0.0
7.5,5.0,0.0
7.5,17.0,0.0
7.5,17.0,1.0
7.5,7.0,0.0
7.5,12.0,0.0
7.5,18.0,0.0
7.5,10.0,0.0
7.5,25.0,0.0
7.5,2.0,0.0
7.5,17.0,0.0
7.5,27.0,6.0
7.5,4.0,0.0
7.5,8.0,2.0
7.5,18.0,8.0
7.5,9.0,0.0
7.5,15.0,0.0
7.5,12.0,0.0
7.5,14.0,0.0
7.5,11.0,0.0
7.5,36.0,0.0
7.5,26.0,3.0
7.5,13.0,0.0
7.5,21.0,2.0
8.0,5.0,0.0
8.0,20.0,0.0
8.0,20.0,0.0
8.0,30.0,0.0
8.0,8.0,0.0
8.0,18.0,0.0
8.0,15.0,0.0
8.0,16.0,0.0
8.0,14.0,0.0
8.0,17.0,0.0
8.0,7.0,0.0
8.0,36.0,0.0
8.0,25.0,0.0
8.0,3.0,0.0
8.0,15.0,0.0
8.0,23.0,0.0
8.0,26.0,1.0
8.0,25.0,0.0
8.0,20.0,1.0
8.0,7.0,0.0
8.0,41.0,0.0
8.0,15.0,0.0
8.0,31.0,0.0
8.0,14.0,0.0
8.0,18.0,0.0
8.0,20.0,0.0
8.0,21.0,0.0
8.0,14.0,0.0
8.0,16.0,0.0
8.0,6.0,0.0
8.0,15.0,0.0
8.0,21.0,0.0
8.0,24.0,0.0
8.0,26.0,0.0
8.0,18.0,1.0
8.0,10.0,0.0
8.0,26.0,1.0
8.0,19.0,0.0
8.0,13.0,0.0
8.0,26.0,0.0
8.0,29.0,1.0
8.0,22.0,0.0
8.0,20.0,0.0
8.0,47.0,0.0
8.0,20.0,0.0
8.0,6.0,0.0
8.0,5.0,0.0
8.0,18.0,0.0
8.0,30.0,0.0
8.0,6.0,0.0
8.0,13.0,0.0
8.0,40.0,0.0
8.0,27.0,7.0
8.0,20.0,0.0
8.0,21.0,1.0
8.0,13.0,0.0
8.0,15.0,0.0
8.0,19.0,13.0
8.0,9.0,0.0
8.0,17.0,2.0
8.0,28.0,0.0
8.0,21.0,0.0
8.0,1.0,0.0
8.0,10.0,0.0
8.0,25.0,0.0
8.0,19.0,0.0
8.0,15.0,1.0
8.0,19.0,0.0
8.0,8.0,0.0
8.0,22.0,1.0
8.0,3.0,0.0
8.0,27.0,0.0
8.0,34.0,0.0
8.0,16.0,0.0
8.0,28.0,1.0
8.0,36.0,0.0
8.0,27.0,0.0
8.0,21.0,0.0
8.0,18.0,0.0
8.0,16.0,0.0
8.0,16.0,0.0
8.0,14.0,0.0
8.0,15.0,0.0
8.0,15.0,0.0
8.0,27.0,0.0
8.0,13.0,0.0
8.0,13.0,0.0
8.0,12.0,0.0
8.0,12.0,0.0
8.0,13.0,0.0
8.0,48.0,0.0
8.0,17.0,0.0
8.0,17.0,0.0
8.0,15.0,0.0
8.0,22.0,0.0
8.0,23.0,0.0
8.0,14.0,0.0
8.0,33.0,0.0
8.0,13.0,0.0
8.0,4.0,0.0
8.0,9.0,0.0
8.0,30.0,1.0
8.0,5.0,0.0
8.0,6.0,0.0
8.0,25.0,0.0
8.0,23.0,0.0
8.0,13.0,0.0
8.0,13.0,0.0
8.0,36.0,4.0
8.0,18.0,0.0
8.0,19.0,0.0
8.0,13.0,0.0
8.0,28.0,0.0
8.0,7.0,0.0
8.0,20.0,0.0
8.0,18.0,0.0
8.0,12.0,0.0
8.0,4.0,0.0
8.0,11.0,0.0
8.0,16.0,0.0
8.0,12.0,0.0
8.0,11.0,0.0
8.0,6.0,0.0
8.0,17.0,0.0
8.0,14.0,0.0
8.0,35.0,2.0
8.0,5.0,0.0
8.0,22.0,0.0
8.0,12.0,0.0
8.0,22.0,0.0
8.0,18.0,0.0
8.0,26.0,0.0
8.0,12.0,0.0
8.0,12.0,0.0
8.0,43.0,3.0
8.0,20.0,0.0
8.0,6.0,0.0
8.0,5.0,0.0
8.0,12.0,0.0
8.0,15.0,0.0
8.0,15.0,0.0
8.0,16.0,0.0
8.0,35.0,9.0
8.0,16.0,0.0
8.0,14.0,0.0
8.0,14.0,0.0
8.0,9.0,0.0
8.0,11.0,0.0
8.0,26.0,0.0
8.0,13.0,0.0
8.0,9.0,0.0
8.0,18.0,0.0
8.0,4.0,0.0
8.0,16.0,0.0
8.0,54.0,3.0
8.0,27.0,0.0
8.0,32.0,3.0
8.0,19.0,0.0
8.0,9.0,0.0
8.0,11.0,0.0
8.0,14.0,0.0
8.0,13.0,0.0
8.0,48.0,6.0
8.0,25.0,0.0
8.0,38.0,0.0
8.0,17.0,0.0
8.0,17.0,0.0
8.0,18.0,0.0
8.0,22.0,0.0
8.0,19.0,5.0
8.0,16.0,0.0
8.0,22.0,0.0
8.0,9.0,0.0
8.0,19.0,0.0
8.0,14.0,0.0
8.0,15.0,5.0
8.0,11.0,0.0
8.0,7.0,0.0
8.0,23.0,0.0
8.0,25.0,10.0
8.0,11.0,0.0
8.0,20.0,4.0
8.0,17.0,0.0
8.0,19.0,0.0
8.0,19.0,0.0
8.0,44.0,0.0
8.0,8.0,0.0
8.0,36.0,0.0
8.0,9.0,0.0
8.0,5.0,0.0
8.0,15.0,0.0
8.0,11.0,0.0
8.0,30.0,1.0
8.0,12.0,0.0
8.0,12.0,0.0
8.0,28.0,1.0
8.0,20.0,1.0
8.0,11.0,0.0
8.0,28.0,2.0
8.0,28.0,0.0
8.0,8.0,0.0
8.0,18.0,0.0
8.0,5.0,0.0
8.0,3.0,0.0
8.0,24.0,0.0
8.0,21.0,0.0
8.0,9.0,0.0
8.0,24.0,1.0
8.0,36.0,1.0
8.0,20.0,3.0
8.0,22.0,0.0
8.0,24.0,0.0
8.0,27.0,0.0
8.0,21.0,0.0
8.0,19.0,0.0
8.0,8.0,0.0
8.0,28.0,0.0
8.0,10.0,0.0
8.0,46.0,1.0
8.0,26.0,0.0
8.0,12.0,0.0
8.0,5.0,0.0
8.0,25.0,0.0
8.0,7.0,0.0
8.0,8.0,0.0
8.0,0.0,0.0
8.0,3.0,0.0
8.0,32.0,0.0
8.0,15.0,0.0
8.0,41.0,0.0
8.0,25.0,0.0
8.0,13.0,0.0
8.0,3.0,0.0
8.0,21.0,0.0
8.0,10.0,0.0
8.0,21.0,0.0
8.0,42.0,1.0
8.0,4.0,0.0
8.0,17.0,0.0
8.0,13.0,0.0
8.0,15.0,0.0
8.0,37.0,0.0
8.0,15.0,0.0
8.0,13.0,0.0
8.0,13.0,0.0
8.0,8.0,0.0
8.0,22.0,0.0
8.0,32.0,0.0
8.0,18.0,0.0
8.0,32.0,2.0
8.0,14.0,0.0
8.0,22.0,0.0
8.0,18.0,0.0
8.0,8.0,0.0
8.0,13.0,0.0
8.0,16.0,0.0
8.0,19.0,0.0
8.0,16.0,0.0
8.0,22.0,0.0
8.0,38.0,0.0
8.0,18.0,0.0
8.0,30.0,0.0
8.0,9.0,0.0
8.0,28.0,0.0
8.0,6.0,0.0
8.0,6.0,0.0
8.0,8.0,0.0
8.0,29.0,0.0
8.0,16.0,0.0
8.0,28.0,0.0
8.0,6.0,0.0
8.0,9.0,0.0
8.0,38.0,0.0
8.0,8.0,0.0
8.0,13.0,0.0
8.0,14.0,0.0
8.0,21.0,0.0
8.0,17.0,0.0
8.0,6.0,0.0
8.0,28.0,1.0
8.0,17.0,0.0
8.0,14.0,0.0
8.0,37.0,0.0
8.0,27.0,0.0
8.0,18.0,0.0
8.0,36.0,16.0
8.0,14.0,0.0
8.0,26.0,0.0
8.0,33.0,0.0
8.0,35.0,5.0
8.0,19.0,0.0
8.0,43.0,2.0
8.0,9.0,0.0
8.0,13.0,0.0
8.0,4.0,0.0
8.0,25.0,11.0
8.0,21.0,0.0
8.0,16.0,0.0
8.0,19.0,0.0
8.0,37.0,0.0
8.5,8.0,0.0
8.5,6.0,0.0
8.5,9.0,0.0
8.5,7.0,0.0
8.5,23.0,0.0
8.5,18.0,0.0
8.5,15.0,0.0
8.5,19.0,0.0
8.5,38.0,4.0
8.5,9.0,0.0
8.5,16.0,0.0
8.5,46.0,8.0
8.5,23.0,0.0
8.5,16.0,0.0
8.5,10.0,0.0
8.5,7.0,0.0
8.5,21.0,0.0
8.5,13.0,0.0
8.5,9.0,0.0
8.5,12.0,0.0
8.5,11.0,0.0
8.5,6.0,0.0
8.5,18.0,0.0
8.5,30.0,0.0
8.5,10.0,0.0
8.5,13.0,0.0
8.5,15.0,0.0
8.5,7.0,0.0
8.5,29.0,0.0
8.5,19.0,4.0
8.5,7.0,0.0
8.5,20.0,0.0
8.5,13.0,0.0
8.5,17.0,0.0
8.5,7.0,0.0
8.5,11.0,0.0
8.5,24.0,1.0
8.5,12.0,0.0
8.5,36.0,0.0
8.5,19.0,0.0
8.5,33.0,0.0
8.5,27.0,0.0
8.5,27.0,0.0
8.5,14.0,0.0
8.5,22.0,0.0
8.5,11.0,0.0
8.5,3.0,0.0
8.5,12.0,0.0
8.5,19.0,0.0
8.5,15.0,0.0
8.5,19.0,7.0
8.5,13.0,0.0
8.5,32.0,6.0
8.5,34.0,0.0
8.5,8.0,0.0
8.5,8.0,0.0
8.5,15.0,0.0
8.5,44.0,0.0
8.5,6.0,0.0
8.5,18.0,0.0
8.5,9.0,0.0
8.5,16.0,0.0
8.5,41.0,1.0
8.5,19.0,0.0
8.5,27.0,0.0
8.5,31.0,0.0
8.5,7.0,0.0
8.5,11.0,1.0
8.5,11.0,0.0
8.5,20.0,0.0
8.5,19.0,0.0
8.5,6.0,0.0
8.5,14.0,0.0
8.5,9.0,0.0
8.5,35.0,1.0
8.5,24.0,0.0
8.5,15.0,0.0
8.5,38.0,0.0
8.5,5.0,0.0
8.5,19.0,7.0
8.5,16.0,0.0
8.5,6.0,0.0
8.5,16.0,0.0
8.5,33.0,3.0
8.5,7.0,0.0
8.5,5.0,0.0
8.5,13.0,0.0
8.5,29.0,0.0
8.5,22.0,0.0
8.5,19.0,4.0
8.5,8.0,0.0
8.5,7.0,0.0
8.5,12.0,0.0
8.5,19.0,0.0
8.5,28.0,0.0
8.5,17.0,0.0
8.5,3.0,0.0
8.5,24.0,0.0
8.5,19.0,0.0
8.5,11.0,7.0
8.5,11.0,0.0
8.5,22.0,0.0
8.5,35.0,0.0
8.5,5.0,0.0
8.5,5.0,0.0
8.5,9.0,0.0
8.5,8.0,0.0
8.5,24.0,0.0
8.5,21.0,0.0
8.5,30.0,1.0
8.5,22.0,16.0
8.5,20.0,0.0
8.5,7.0,0.0
8.5,8.0,0.0
8.5,7.0,0.0
8.5,17.0,0.0
8.5,13.0,0.0
8.5,15.0,0.0
8.5,12.0,0.0
8.5,6.0,0.0
8.5,19.0,0.0
8.5,31.0,7.0
8.5,36.0,0.0
8.5,16.0,0.0
8.5,20.0,0.0
8.5,25.0,0.0
8.5,5.0,0.0
8.5,23.0,0.0
8.5,21.0,0.0
8.5,17.0,0.0
8.5,18.0,8.0
8.5,9.0,0.0
8.5,21.0,0.0
8.5,1.0,0.0
8.5,35.0,0.0
8.5,26.0,0.0
8.5,10.0,0.0
8.5,32.0,0.0
8.5,24.0,0.0
8.5,34.0,0.0
8.5,5.0,0.0
8.5,20.0,0.0
8.5,17.0,0.0
8.5,8.0,0.0
8.5,8.0,0.0
8.5,27.0,0.0
8.5,9.0,0.0
8.5,13.0,0.0
8.5,19.0,0.0
8.5,17.0,0.0
8.5,11.0,0.0
8.5,36.0,9.0
8.5,20.0,0.0
8.5,15.0,0.0
8.5,17.0,0.0
8.5,21.0,0.0
8.5,18.0,0.0
8.5,45.0,0.0
8.5,19.0,0.0
8.5,57.0,0.0
8.5,5.0,0.0
8.5,5.0,0.0
8.5,8.0,0.0
8.5,13.0,0.0
8.5,27.0,2.0
8.5,20.0,0.0
8.5,17.0,1.0
8.5,13.0,0.0
8.5,14.0,0.0
8.5,27.0,0.0
8.5,23.0,0.0
8.5,9.0,0.0
8.5,11.0,4.0
8.5,8.0,0.0
8.5,32.0,0.0
8.5,32.0,0.0
8.5,21.0,2.0
8.5,7.0,0.0
8.5,24.0,0.0
8.5,26.0,0.0
8.5,9.0,0.0
8.5,19.0,0.0
8.5,1.0,0.0
8.5,10.0,0.0
8.5,16.0,0.0
8.5,17.0,0.0
8.5,36.0,0.0
8.5,15.0,0.0
8.5,8.0,0.0
8.5,23.0,0.0
8.5,31.0,0.0
8.5,10.0,0.0
8.5,23.0,4.0
8.5,13.0,0.0
8.5,19.0,0.0
8.5,24.0,0.0
8.5,3.0,0.0
8.5,13.0,0.0
8.5,27.0,0.0
8.5,20.0,0.0
8.5,10.0,0.0
8.5,18.0,0.0
8.5,16.0,0.0
8.5,31.0,5.0
8.5,27.0,0.0
8.5,29.0,0.0
8.5,29.0,1.0
8.5,34.0,5.0
8.5,32.0,7.0
8.5,12.0,0.0
8.5,10.0,0.0
8.5,18.0,0.0
8.5,8.0,0.0
8.5,19.0,0.0
8.5,13.0,0.0
8.5,27.0,0.0
8.5,5.0,0.0
8.5,23.0,0.0
8.5,19.0,0.0
8.5,7.0,2.0
8.5,10.0,0.0
8.5,9.0,0.0
8.5,21.0,0.0
8.5,15.0,0.0
8.5,8.0,0.0
8.5,12.0,0.0
8.5,22.0,0.0
8.5,20.0,0.0
8.5,12.0,0.0
8.5,5.0,0.0
8.5,18.0,0.0
8.5,24.0,0.0
8.5,16.0,0.0
8.5,0.0,0.0
8.5,5.0,0.0
8.5,15.0,0.0
8.5,20.0,0.0
8.5,16.0,0.0
8.5,16.0,0.0
8.5,17.0,0.0
8.5,19.0,0.0
8.5,4.0,0.0
8.5,26.0,0.0
8.5,5.0,0.0
8.5,2.0,0.0
8.5,2.0,0.0
8.5,14.0,0.0
8.5,23.0,0.0
8.5,17.0,0.0
8.5,6.0,0.0
8.5,30.0,4.0
8.5,36.0,0.0
8.5,15.0,0.0
8.5,12.0,0.0
8.5,40.0,0.0
8.5,33.0,0.0
8.5,9.0,8.0
8.5,21.0,0.0
8.5,7.0,0.0
8.5,10.0,0.0
8.5,16.0,0.0
8.5,17.0,0.0
8.5,33.0,2.0
8.5,13.0,0.0
8.5,9.0,0.0
8.5,22.0,0.0
8.5,13.0,0.0
8.5,12.0,0.0
8.5,13.0,10.0
8.5,14.0,0.0
8.5,4.0,0.0
8.5,24.0,0.0
8.5,17.0,0.0
8.5,7.0,0.0
8.5,18.0,0.0
8.5,26.0,0.0
8.5,31.0,0.0
8.5,20.0,0.0
8.5,19.0,0.0
8.5,10.0,0.0
8.5,27.0,3.0
8.5,10.0,0.0
8.5,12.0,0.0
8.5,22.0,0.0
8.5,27.0,0.0
8.5,17.0,0.0
8.5,19.0,0.0
8.5,16.0,0.0
8.5,23.0,0.0
8.5,14.0,0.0
8.5,5.0,0.0
8.5,8.0,0.0
8.5,15.0,0.0
8.5,16.0,0.0
8.5,7.0,0.0
8.5,16.0,0.0
8.5,26.0,0.0
8.5,35.0,3.0
8.5,18.0,0.0
8.5,36.0,0.0
9.0,18.0,0.0
9.0,20.0,0.0
9.0,26.0,0.0
9.0,16.0,0.0
9.0,3.0,0.0
9.0,28.0,0.0
9.0,23.0,0.0
9.0,6.0,0.0
9.0,9.0,0.0
9.0,6.0,0.0
9.0,8.0,0.0
9.0,36.0,0.0
9.0,11.0,0.0
9.0,38.0,0.0
9.0,28.0,1.0
9.0,16.0,0.0
9.0,26.0,0.0
9.0,19.0,0.0
9.0,38.0,5.0
9.0,23.0,0.0
9.0,13.0,0.0
9.0,10.0,0.0
9.0,13.0,3.0
9.0,24.0,0.0
9.0,20.0,0.0
9.0,14.0,0.0
9.0,25.0,0.0
9.0,13.0,0.0
9.0,18.0,0.0
9.0,20.0,0.0
9.0,35.0,0.0
9.0,40.0,2.0
9.0,26.0,0.0
9.0,30.0,0.0
9.0,10.0,0.0
9.0,25.0,0.0
9.0,13.0,0.0
9.0,20.0,0.0
9.0,21.0,6.0
9.0,22.0,0.0
9.0,15.0,0.0
9.0,37.0,1.0
9.0,12.0,0.0
9.0,6.0,1.0
9.0,7.0,0.0
9.0,22.0,0.0
9.0,11.0,0.0
9.0,7.0,0.0
9.0,24.0,0.0
9.0,26.0,0.0
9.0,7.0,12.0
9.0,13.0,0.0
9.0,19.0,0.0
9.0,9.0,0.0
9.0,20.0,0.0
9.0,14.0,0.0
9.0,7.0,0.0
9.0,10.0,0.0
9.0,28.0,0.0
9.0,16.0,0.0
9.0,1.0,0.0
9.0,18.0,0.0
9.0,12.0,0.0
9.0,21.0,0.0
9.0,19.0,1.0
9.0,20.0,1.0
9.0,20.0,0.0
9.0,21.0,0.0
9.0,13.0,0.0
9.0,19.0,0.0
9.0,34.0,0.0
9.0,19.0,0.0
9.0,20.0,0.0
9.0,20.0,0.0
9.0,14.0,0.0
9.0,6.0,0.0
9.0,8.0,0.0
9.0,36.0,0.0
9.0,11.0,0.0
9.0,23.0,0.0
9.0,7.0,0.0
9.0,12.0,0.0
9.0,25.0,0.0
9.0,21.0,0.0
9.0,13.0,0.0
9.0,18.0,0.0
9.0,36.0,1.0
9.0,6.0,0.0
9.0,20.0,1.0
9.0,19.0,17.0
9.0,10.0,0.0
9.0,12.0,0.0
9.0,10.0,1.0
9.0,19.0,0.0
9.0,27.0,0.0
9.0,17.0,0.0
9.0,7.0,0.0
9.0,34.0,8.0
9.0,39.0,0.0
9.0,7.0,0.0
9.0,24.0,0.0
9.0,17.0,0.0
9.0,33.0,0.0
9.0,11.0,0.0
9.0,27.0,0.0
9.0,6.0,0.0
9.0,16.0,0.0
9.0,5.0,0.0
9.0,23.0,0.0
9.0,10.0,0.0
9.0,22.0,0.0
9.0,17.0,0.0
9.0,17.0,0.0
9.0,24.0,0.0
9.0,21.0,1.0
9.0,25.0,2.0
9.0,9.0,0.0
9.0,24.0,4.0
9.0,25.0,2.0
9.0,8.0,0.0
9.0,12.0,0.0
9.0,33.0,0.0
9.0,14.0,0.0
9.0,13.0,0.0
9.0,11.0,0.0
9.0,15.0,0.0
9.0,38.0,2.0
9.0,7.0,0.0
9.0,34.0,1.0
9.0,14.0,0.0
9.0,9.0,0.0
9.0,29.0,0.0
9.0,9.0,0.0
9.0,2.0,0.0
9.0,16.0,0.0
9.0,20.0,0.0
9.0,21.0,0.0
9.0,13.0,0.0
9.0,8.0,0.0
9.0,15.0,0.0
9.0,7.0,0.0
9.0,12.0,0.0
9.0,28.0,0.0
9.0,44.0,1.0
9.0,29.0,0.0
9.0,4.0,0.0
9.0,3.0,0.0
9.0,11.0,0.0
9.0,19.0,0.0
9.0,27.0,0.0
9.0,23.0,0.0
9.0,24.0,0.0
9.0,16.0,0.0
9.0,22.0,0.0
9.0,17.0,0.0
9.0,22.0,0.0
9.0,11.0,0.0
9.0,6.0,0.0
9.0,16.0,4.0
9.0,29.0,1.0
9.0,14.0,1.0
9.0,8.0,0.0
9.0,9.0,0.0
9.0,22.0,0.0
9.0,9.0,0.0
9.0,16.0,0.0
9.0,19.0,0.0
9.0,31.0,0.0
9.0,18.0,0.0
9.0,15.0,0.0
9.0,7.0,0.0
9.0,17.0,0.0
9.0,7.0,0.0
9.0,13.0,0.0
9.0,30.0,0.0
9.0,28.0,0.0
9.0,8.0,0.0
9.0,15.0,1.0
9.0,20.0,16.0
9.0,14.0,0.0
9.0,16.0,0.0
9.0,13.0,0.0
9.0,16.0,0.0
9.0,19.0,1.0
9.0,6.0,0.0
9.0,11.0,0.0
9.0,22.0,0.0
9.0,19.0,0.0
9.0,9.0,0.0
9.0,16.0,0.0
9.0,22.0,0.0
9.0,15.0,0.0
9.0,7.0,1.0
9.0,35.0,0.0
9.0,22.0,0.0
9.0,5.0,0.0
9.0,12.0,0.0
9.0,26.0,0.0
9.0,21.0,0.0
9.0,21.0,0.0
9.0,25.0,0.0
9.0,54.0,1.0
9.0,27.0,0.0
9.0,4.0,0.0
9.0,16.0,1.0
9.0,7.0,0.0
9.0,31.0,0.0
9.0,19.0,0.0
9.0,21.0,0.0
9.0,18.0,0.0
9.0,19.0,0.0
9.0,20.0,0.0
9.0,37.0,0.0
9.0,17.0,0.0
9.0,33.0,15.0
9.0,26.0,0.0
9.0,16.0,0.0
9.0,37.0,1.0
9.0,28.0,0.0
9.0,14.0,0.0
9.0,30.0,0.0
9.0,10.0,0.0
9.0,12.0,7.0
9.0,18.0,0.0
9.0,39.0,1.0
9.0,40.0,0.0
9.0,9.0,0.0
9.0,23.0,0.0
9.0,11.0,0.0
9.0,16.0,0.0
9.0,8.0,0.0
9.0,13.0,0.0
9.0,26.0,0.0
9.0,29.0,0.0
9.0,21.0,0.0
9.0,21.0,0.0
9.0,9.0,0.0
9.0,3.0,0.0
9.0,26.0,0.0
9.0,26.0,0.0
9.0,17.0,0.0
9.0,8.0,0.0
9.0,6.0,0.0
9.0,15.0,0.0
9.0,11.0,8.0
9.0,10.0,0.0
9.0,27.0,0.0
9.0,13.0,0.0
9.0,21.0,0.0
9.0,10.0,0.0
9.0,22.0,0.0
9.0,12.0,0.0
9.0,25.0,0.0
9.0,21.0,0.0
9.0,12.0,0.0
9.0,18.0,0.0
9.0,21.0,0.0
9.0,5.0,0.0
9.0,20.0,0.0
9.0,26.0,0.0
9.0,7.0,0.0
9.0,23.0,0.0
9.0,30.0,0.0
9.0,13.0,21.0
9.0,34.0,0.0
9.0,6.0,0.0
9.0,1.0,0.0
9.0,15.0,0.0
9.0,23.0,8.0
9.0,21.0,0.0
9.0,25.0,0.0
9.0,32.0,0.0
9.0,21.0,0.0
9.0,32.0,1.0
9.0,39.0,0.0
9.0,13.0,0.0
9.0,27.0,0.0
9.0,11.0,0.0
9.0,10.0,1.0
9.0,17.0,0.0
9.0,12.0,0.0
9.0,22.0,0.0
9.0,13.0,0.0
9.0,7.0,0.0
9.0,8.0,0.0
9.0,10.0,0.0
9.0,17.0,0.0
9.0,11.0,0.0
9.0,32.0,1.0
9.0,23.0,0.0
9.0,12.0,0.0
9.0,21.0,0.0
9.0,26.0,0.0
9.0,11.0,0.0
9.0,39.0,0.0
9.0,8.0,0.0
9.0,4.0,0.0
9.0,11.0,0.0
9.0,13.0,0.0
9.0,3.0,0.0
9.5,8.0,0.0
9.5,17.0,1.0
9.5,36.0,3.0
9.5,7.0,0.0
9.5,14.0,0.0
9.5,14.0,0.0
9.5,11.0,0.0
9.5,8.0,0.0
9.5,27.0,0.0
9.5,14.0,0.0
9.5,17.0,0.0
9.5,6.0,0.0
9.5,19.0,0.0
9.5,13.0,0.0
9.5,18.0,0.0
9.5,8.0,0.0
9.5,23.0,0.0
9.5,16.0,0.0
9.5,14.0,0.0
9.5,16.0,0.0
9.5,42.0,10.0
9.5,17.0,0.0
9.5,17.0,0.0
9.5,33.0,0.0
9.5,27.0,4.0
9.5,29.0,0.0
9.5,7.0,0.0
9.5,27.0,4.0
9.5,23.0,0.0
9.5,36.0,0.0
9.5,16.0,0.0
9.5,25.0,3.0
9.5,26.0,0.0
9.5,12.0,0.0
9.5,15.0,0.0
9.5,11.0,0.0
9.5,42.0,13.0
9.5,23.0,0.0
9.5,6.0,0.0
9.5,9.0,0.0
9.5,23.0,0.0
9.5,7.0,3.0
9.5,15.0,0.0
9.5,16.0,1.0
9.5,2.0,0.0
9.5,10.0,0.0
9.5,12.0,0.0
9.5,9.0,0.0
9.5,23.0,14.0
9.5,22.0,0.0
9.5,17.0,3.0
9.5,31.0,5.0
9.5,11.0,0.0
9.5,10.0,0.0
9.5,10.0,0.0
9.5,5.0,0.0
9.5,9.0,0.0
9.5,22.0,0.0
9.5,15.0,0.0
9.5,10.0,0.0
9.5,10.0,0.0
9.5,19.0,0.0
9.5,14.0,0.0
9.5,17.0,0.0
9.5,10.0,0.0
9.5,12.0,0.0
9.5,11.0,0.0
9.5,15.0,0.0
9.5,34.0,0.0
9.5,10.0,0.0
9.5,9.0,0.0
9.5,27.0,0.0
9.5,3.0,2.0
9.5,33.0,1.0
9.5,22.0,0.0
9.5,17.0,0.0
9.5,6.0,0.0
9.5,32.0,0.0
9.5,28.0,8.0
9.5,34.0,0.0
9.5,20.0,0.0
9.5,30.0,0.0
9.5,7.0,0.0
9.5,13.0,0.0
9.5,18.0,0.0
9.5,5.0,0.0
9.5,20.0,0.0
9.5,42.0,0.0
9.5,18.0,0.0
9.5,20.0,0.0
9.5,22.0,0.0
9.5,12.0,0.0
9.5,36.0,0.0
9.5,32.0,0.0
9.5,7.0,0.0
9.5,23.0,5.0
9.5,17.0,0.0
9.5,35.0,4.0
9.5,24.0,3.0
9.5,26.0,0.0
9.5,19.0,0.0
9.5,19.0,9.0
9.5,22.0,0.0
9.5,9.0,0.0
9.5,20.0,0.0
9.5,17.0,0.0
9.5,12.0,0.0
9.5,6.0,4.0
9.5,20.0,0.0
9.5,5.0,0.0
9.5,20.0,0.0
9.5,27.0,0.0
9.5,17.0,2.0
9.5,34.0,1.0
9.5,10.0,0.0
9.5,6.0,0.0
9.5,4.0,0.0
9.5,25.0,1.0
9.5,37.0,0.0
9.5,8.0,0.0
9.5,5.0,0.0
9.5,25.0,0.0
9.5,28.0,5.0
9.5,3.0,0.0
9.5,29.0,0.0
9.5,16.0,0.0
9.5,18.0,0.0
9.5,31.0,1.0
9.5,0.0,0.0
9.5,10.0,0.0
9.5,38.0,0.0
9.5,11.0,0.0
9.5,17.0,0.0
9.5,9.0,0.0
9.5,24.0,0.0
9.5,6.0,0.0
9.5,18.0,0.0
9.5,24.0,1.0
9.5,26.0,0.0
9.5,5.0,0.0
9.5,20.0,0.0
9.5,4.0,0.0
9.5,10.0,0.0
9.5,8.0,0.0
9.5,17.0,0.0
9.5,14.0,0.0
9.5,7.0,0.0
9.5,24.0,0.0
9.5,12.0,0.0
9.5,18.0,0.0
9.5,15.0,0.0
9.5,18.0,0.0
9.5,17.0,0.0
9.5,39.0,5.0
9.5,19.0,0.0
9.5,14.0,0.0
9.5,4.0,0.0
9.5,41.0,0.0
9.5,22.0,0.0
9.5,23.0,0.0
9.5,19.0,0.0
9.5,12.0,0.0
9.5,27.0,0.0
9.5,24.0,0.0
9.5,12.0,0.0
9.5,37.0,0.0
9.5,7.0,6.0
9.5,19.0,0.0
9.5,13.0,0.0
9.5,6.0,0.0
9.5,11.0,0.0
9.5,14.0,0.0
9.5,14.0,0.0
9.5,11.0,0.0
9.5,24.0,21.0
9.5,14.0,0.0
9.5,21.0,1.0
9.5,10.0,0.0
9.5,21.0,0.0
9.5,17.0,0.0
9.5,32.0,1.0
9.5,15.0,0.0
9.5,19.0,0.0
9.5,37.0,0.0
9.5,17.0,3.0
9.5,15.0,0.0
9.5,15.0,0.0
9.5,17.0,0.0
9.5,8.0,0.0
9.5,5.0,0.0
9.5,17.0,0.0
9.5,23.0,0.0
9.5,31.0,16.0
9.5,20.0,4.0
9.5,13.0,0.0
9.5,12.0,0.0
9.5,18.0,0.0
9.5,13.0,0.0
9.5,23.0,0.0
9.5,15.0,0.0
9.5,22.0,0.0
9.5,6.0,0.0
9.5,26.0,0.0
9.5,13.0,0.0
9.5,23.0,0.0
9.5,17.0,0.0
9.5,12.0,0.0
9.5,13.0,0.0
9.5,20.0,0.0
9.5,13.0,0.0
9.5,19.0,0.0
9.5,20.0,0.0
9.5,22.0,0.0
9.5,19.0,0.0
9.5,28.0,0.0
9.5,8.0,0.0
9.5,22.0,1.0
9.5,29.0,0.0
9.5,39.0,2.0
9.5,5.0,0.0
9.5,16.0,1.0
9.5,18.0,0.0
9.5,30.0,9.0
9.5,21.0,0.0
9.5,8.0,0.0
9.5,15.0,0.0
9.5,13.0,0.0
9.5,11.0,0.0
9.5,21.0,0.0
9.5,22.0,20.0
9.5,15.0,0.0
9.5,13.0,2.0
9.5,4.0,0.0
9.5,7.0,0.0
9.5,12.0,0.0
9.5,13.0,0.0
9.5,17.0,0.0
9.5,27.0,0.0
9.5,15.0,0.0
9.5,23.0,0.0
9.5,24.0,0.0
9.5,14.0,0.0
9.5,35.0,0.0
9.5,15.0,0.0
9.5,21.0,5.0
9.5,20.0,0.0
9.5,19.0,0.0
9.5,14.0,0.0
9.5,15.0,2.0
9.5,8.0,0.0
9.5,20.0,1.0
9.5,35.0,4.0
9.5,25.0,6.0
9.5,18.0,9.0
9.5,16.0,0.0
9.5,16.0,0.0
9.5,20.0,0.0
9.5,16.0,0.0
9.5,19.0,0.0
9.5,1.0,0.0
9.5,16.0,0.0
9.5,30.0,0.0
9.5,23.0,1.0
9.5,20.0,0.0
9.5,12.0,0.0
9.5,12.0,0.0
9.5,41.0,2.0
9.5,16.0,0.0
9.5,8.0,0.0
9.5,9.0,0.0
9.5,34.0,0.0
9.5,18.0,0.0
9.5,16.0,0.0
9.5,12.0,0.0
9.5,19.0,0.0
9.5,14.0,0.0
9.5,25.0,0.0
9.5,8.0,0.0
9.5,8.0,0.0
9.5,13.0,0.0
9.5,20.0,0.0
9.5,12.0,0.0
9.5,20.0,0.0
9.5,20.0,0.0
9.5,16.0,0.0
9.5,24.0,0.0
9.5,14.0,0.0
9.5,13.0,0.0
9.5,18.0,0.0
9.5,9.0,0.0
9.5,12.0,0.0
9.5,7.0,0.0
9.5,6.0,0.0
9.5,34.0,0.0
9.5,17.0,0.0
9.5,27.0,0.0
9.5,6.0,0.0
9.5,22.0,0.0
9.5,17.0,0.0
9.5,20.0,0.0
